incident_id,call_date,description,location,district,department
2025-00356072,2025-09-28 20:29:00,Trespasser,1500 BLOCK E COLONIAL DR,C5,OPD
2025-00356070,2025-09-28 20:29:00,Fraud-counterfeit,9400 BLOCK JEFF FUQUA BLVD,83,OPD
2025-00356069,2025-09-28 20:29:00,Trespasser,3200 BLOCK BRUTON BLVD,G8,OPD
2025-00356067,2025-09-28 20:28:00,Drunk pedestrian,1 BLOCK E CENTRAL BLVD,D3,OPD
2025-00356063,2025-09-28 20:23:00,Domestic disturbance,Restricted Address,K4,OPD
2025-00356043,2025-09-28 20:13:00,General investigation,3800 BLOCK VISION BLVD,,OPD
2025-00356048,2025-09-28 20:04:00,Unknown trouble,1300 BLOCK CROOMS AVE,G5,OPD
2025-00356044,2025-09-28 19:52:00,Drug violation,S PARRAMORE AVE / W GORE ST,F6,OPD
2025-00356040,2025-09-28 19:45:00,Suspicious vehicle,5400 BLOCK CLARCONA KEY BLVD,,OPD
2025-00356038,2025-09-28 19:41:00,Designated Patrol Area - available,10700 BLOCK JEFF FUQUA BLVD S,71,OPD
2025-00356035,2025-09-28 19:37:00,Battery,2000 BLOCK S ORANGE AVE,I4,OPD
2025-00356034,2025-09-28 19:35:00,Fugitive from justice,1000 BLOCK E SOUTH ST,C5,OPD
2025-00356020,2025-09-28 19:22:00,Accident (minor),9400 BLOCK JEFF FUQUA BLVD,83,OPD
2025-00356011,2025-09-28 19:11:00,Theft by shoplifting,11900 BLOCK NARCOOSSEE RD,K7,OPD
2025-00355987,2025-09-28 18:49:00,Child abuse,Restricted Address,I4,OPD
2025-00356007,2025-09-28 18:47:00,Suspicious vehicle,1 BLOCK N TERRY AVE,F4,OPD
2025-00355991,2025-09-28 18:33:00,Vandalism/criminal mischief,2000 BLOCK S ORANGE AVE,I4,OPD
2025-00355977,2025-09-28 18:23:00,Battery,4900 BLOCK W COLONIAL DR,B2,OPD
2025-00355954,2025-09-28 18:09:00,Domestic disturbance,Restricted Address,C5,OPD
2025-00355923,2025-09-28 18:06:00,Designated Patrol Area - available,9700 BLOCK JEFF FUQUA BLVD,95,OPD
2025-00355950,2025-09-28 18:00:00,Battery,6000 BLOCK SCOTCHWOOD GLEN,K3,OPD
2025-00355926,2025-09-28 17:36:00,Drug violation,RANDALL ST / S WESTMORELAND DR,F7,OPD
2025-00355906,2025-09-28 17:22:00,Trespasser,6000 BLOCK UNIVERSAL BLVD,E7,OPD
2025-00355901,2025-09-28 17:17:00,Trespasser,6000 BLOCK UNIVERSAL BLVD,E7,OPD
2025-00355881,2025-09-28 16:43:00,Drug violation,S NASHVILLE AVE / W PINE ST,F1,OPD
2025-00356134,2025-09-28 21:58:00,Sick or injured person,Restricted Address,E3,OPD
2025-00356132,2025-09-28 21:57:00,General disturbance,3200 BLOCK WOODGATE BLVD,K3,OPD
2025-00356137,2025-09-28 21:55:00,House/business check,N IVEY LN / EDGEMOOR ST,B2,OPD
2025-00356081,2025-09-28 21:50:00,Vandalism/criminal mischief,1200 BLOCK E MURIEL ST,I5,OPD
2025-00356123,2025-09-28 21:45:00,Unknown trouble,900 BLOCK COLYER ST,F7,OPD
2025-00356122,2025-09-28 21:44:00,Check the well being of,9400 BLOCK JEFF FUQUA BLVD,83,OPD
2025-00356124,2025-09-28 21:42:00,General disturbance,1 BLOCK W WASHINGTON ST,D2,OPD
2025-00356119,2025-09-28 21:39:00,Suspicious incident,3300 BLOCK NORTH LAKE MANN DR,G4,OPD
2025-00356114,2025-09-28 21:31:00,Theft by shoplifting,4700 BLOCK S KIRKMAN RD,E7,OPD
2025-00356107,2025-09-28 21:29:00,Recovered missing person,3300 BLOCK WILTS CIR S,G5,OPD
2025-00356117,2025-09-28 21:23:00,General investigation,N ORANGE AVE / E MARKS ST,C3,OPD
2025-00356056,2025-09-28 21:05:00,House/business check,3300 BLOCK S SEMORAN BLVD,I7,OPD
2025-00356087,2025-09-28 20:50:00,Vehicle B&E,1200 BLOCK E MURIEL ST,I5,OPD
2025-00356075,2025-09-28 20:44:00,Domestic disturbance,Restricted Address,K5,OPD
2025-00356050,2025-09-28 20:38:00,Theft,4000 BLOCK MILLENIA BLVD,E6,OPD
2025-00356052,2025-09-28 20:32:00,Theft,1600 BLOCK W CENTRAL BLVD,F1,OPD
2025-00356143,2025-09-28 22:05:00,House/business check,2800 BLOCK E COLONIAL DR,C6,OPD
2025-00356140,2025-09-28 22:02:00,Designated Patrol Area - available,8000 BLOCK TRADEPORT DR,96,OPD
2025-00356192,2025-09-28 23:10:00,General disturbance,3500 BLOCK MILLENIA BLVD,E6,OPD
2025-00356191,2025-09-28 23:08:00,General disturbance,3900 BLOCK THOMAS ST,G5,OPD
2025-00356189,2025-09-28 23:05:00,House/business check,MERCY DR / W COLONIAL DR,B2,OPD
2025-00356187,2025-09-28 23:04:00,Nuisance animal,5900 BLOCK S GOLDENROD RD,K4,OPD
2025-00356178,2025-09-28 22:56:00,Trespasser,4100 BLOCK LAKE LAWNE AVE,B3,OPD
2025-00356181,2025-09-28 22:56:00,Fugitive from justice,W JACKSON ST / JAXSO PL,F5,OPD
2025-00356166,2025-09-28 22:44:00,Drunk driver,10500 BLOCK JEFF FUQUA BLVD N,97,OPD
2025-00356173,2025-09-28 22:40:00,Drug violation,1400 BLOCK MERCY DR,B3,OPD
2025-00356148,2025-09-28 22:16:00,Threats/assault,100 BLOCK S ORANGE AVE,D3,OPD
2025-00356116,2025-09-28 22:16:00,Commercial alarm,7600 BLOCK NARCOOSSEE RD,K4,OPD
2025-00356193,2025-09-28 23:17:00,Child neglect,Restricted Address,G5,OPD
2025-00356184,2025-09-28 23:16:00,Threats/assault,6700 BLOCK WILLOW VIEW AVE,K5,OPD
2025-00356198,2025-09-28 23:16:00,Suspicious person,300 BLOCK PALMETTO AVE,D1,OPD
2025-00356222,2025-09-28 23:35:00,House/business check,W KALEY ST / S DIVISION AVE,I4,OPD
2025-00356218,2025-09-28 23:31:00,Domestic disturbance,Restricted Address,K3,OPD
2025-00356213,2025-09-28 23:30:00,Accident (injuries),LAKEMONT AVE / UPPER PARK RD,C7,OPD
2025-00356212,2025-09-28 23:25:00,Liquor law violation,N ORANGE AVE / E WASHINGTON ST,D2,OPD
2025-00356205,2025-09-28 23:22:00,House/business check,N IVEY LN / EDGEMOOR ST,B2,OPD
2025-00356204,2025-09-28 23:21:00,Suspicious person,600 BLOCK RALEIGH ST,F6,OPD
2025-00356153,2025-09-28 23:57:00,Suspicious person,N GARLAND AVE / W AMELIA ST,F4,OPD
2025-00356231,2025-09-28 23:52:00,General disturbance,6100 BLOCK RALEIGH ST,G1,OPD
2025-00356229,2025-09-28 23:50:00,Suspicious person,2800 BLOCK S ORANGE AVE,I4,OPD
2025-00356220,2025-09-28 23:49:00,Stolen/lost tag,6900 BLOCK LAKE NONA BLVD,K7,OPD
2025-00356224,2025-09-28 23:42:00,Vehicle B&E,13800 BLOCK ELIOT AVE,K7,OPD
2025-00356275,2025-09-29 00:28:00,Suspicious person,200 BLOCK EOLA PKWY,D1,OPD
2025-00356274,2025-09-29 00:28:00,Suspicious person,500 BLOCK N PRIMROSE DR,C6,OPD
2025-00356270,2025-09-29 00:26:00,General disturbance,1 BLOCK S FANFAIR AVE,B2,OPD
2025-00356268,2025-09-29 00:22:00,House/business check,4500 BLOCK LANDING DR,B7,OPD
2025-00356266,2025-09-29 00:21:00,Suspicious vehicle,1200 BLOCK POLK ST,F3,OPD
2025-00356260,2025-09-29 00:20:00,Suspicious incident,1200 BLOCK W SOUTH ST,F2,OPD
2025-00356254,2025-09-29 00:11:00,Designated Patrol Area - available,9400 BLOCK JEFF FUQUA BLVD,83,OPD
2025-00356233,2025-09-29 00:06:00,Disabled occupied vehicle,S SEMORAN BLVD / T G LEE BLVD,K4,OPD
2025-00356238,2025-09-29 00:05:00,Missing person - juvenile,5700 BLOCK N ORANGE BLOSSOM TRL,,OPD
2025-00356248,2025-09-29 00:03:00,General disturbance,1 BLOCK W WASHINGTON ST,D2,OPD
2025-00356302,2025-09-29 00:59:00,House/business check,S RIO GRANDE AVE / L B MCLEOD RD,F6,OPD
2025-00356299,2025-09-29 00:58:00,Designated Patrol Area - available,NARCOOSSEE RD / LAUREATE BLVD,,OPD
2025-00356297,2025-09-29 00:57:00,House/business check,DOWDEN RD / RANDAL PARK BLVD,K7,OPD
2025-00356295,2025-09-29 00:55:00,Suspicious person,600 BLOCK W SOUTH ST,F5,OPD
2025-00356287,2025-09-29 00:40:00,Suspicious vehicle,N ORANGE BLOSSOM TRL / LEE RD,B5,OPD
2025-00356316,2025-09-29 01:24:00,Suspicious person,LONG ST / S NASHVILLE AVE,F2,OPD
2025-00356314,2025-09-29 01:19:00,Suspicious person,PERSHING AVE / DIXIE BELLE DR,K1,OPD
2025-00356305,2025-09-29 01:08:00,Suspicious vehicle,GATLIN AVE / DIXIE BELLE DR,K1,OPD
2025-00356292,2025-09-29 01:06:00,Lost/found property,600 BLOCK N ORANGE AVE,D1,OPD
2025-00356335,2025-09-29 02:00:00,Noise ordinance violation,5200 BLOCK INTERNATIONAL DR,E8,OPD
2025-00356334,2025-09-29 01:50:00,House/business check,1 BLOCK N ORANGE AVE,D2,OPD
2025-00356333,2025-09-29 01:48:00,Drug violation,S ORANGE BLOSSOM TRL / LONG ST,F2,OPD
2025-00356332,2025-09-29 01:46:00,House/business check,700 BLOCK S KIRKMAN RD,G1,OPD
2025-00356325,2025-09-29 01:45:00,Mentally-ill person (non-violent),3100 BLOCK SEA VENTURE ST,K6,OPD
2025-00356324,2025-09-29 01:38:00,Drug violation,1300 BLOCK W GORE ST,F2,OPD
2025-00356317,2025-09-29 01:32:00,Battery,6700 BLOCK CONROY RD,E7,OPD
2025-00356320,2025-09-29 01:32:00,Suspicious person,1100 BLOCK S PARRAMORE AVE,F6,OPD
2025-00356360,2025-09-29 02:36:00,House/business check,W CONCORD ST / LEXINGTON AVE,F4,OPD
2025-00356359,2025-09-29 02:35:00,General investigation,1200 BLOCK E MURIEL ST,I5,OPD
2025-00356356,2025-09-29 02:35:00,Suspicious person,5800 BLOCK T G LEE BLVD,K4,OPD
2025-00356354,2025-09-29 02:30:00,House/business check,RALEIGH ST / FRAZIER AVE,G7,OPD
2025-00356337,2025-09-29 02:29:00,Unknown trouble,700 BLOCK VIRGINIA DR,C4,OPD
2025-00356344,2025-09-29 02:26:00,Unknown trouble,400 BLOCK S PARRAMORE AVE,F7,OPD
2025-00356366,2025-09-29 02:52:00,General disturbance,700 BLOCK N WESTMORELAND DR,C3,OPD
2025-00356370,2025-09-29 02:51:00,General investigation,1200 BLOCK E MURIEL ST,I5,OPD
2025-00356367,2025-09-29 02:50:00,Suspicious person,100 BLOCK W WASHINGTON ST,D2,OPD
2025-00356357,2025-09-29 02:41:00,Unknown trouble,500 BLOCK S ORANGE AVE,D3,OPD
2025-00356349,2025-09-29 02:36:00,Stolen vehicle,5500 BLOCK INTERNATIONAL DR,E8,OPD
2025-00356361,2025-09-29 02:36:00,Fugitive from justice,W COLONIAL DR / N HUGHEY AVE,C3,OPD
2025-00356358,2025-09-29 02:32:00,Drug violation,MERCY DR / OLD WINTER GARDEN RD,,OPD
2025-00356293,2025-09-29 00:55:00,Drunk driver,S KIRKMAN RD / INTERNATIONAL DR,E8,OPD
2025-00356379,2025-09-29 03:17:00,Non-emergency assistance,1 BLOCK UNDERWOOD ST,I3,OPD
2025-00356377,2025-09-29 03:16:00,Theft,W AMELIA ST / N ORANGE AVE,D1,OPD
2025-00356376,2025-09-29 03:11:00,Drug violation,W ANDERSON ST / MCFALL AVE,F7,OPD
2025-00356375,2025-09-29 03:10:00,Fugitive from justice,1300 BLOCK W GORE ST,F2,OPD
2025-00356369,2025-09-29 03:03:00,Battery,600 BLOCK S LAKELAND AVE,G4,OPD
2025-00356390,2025-09-29 03:44:00,General investigation,9400 BLOCK JEFF FUQUA BLVD N,91,OPD
2025-00356380,2025-09-29 03:39:00,Noise ordinance violation,5200 BLOCK MILLENIA BLVD,E2,OPD
2025-00356389,2025-09-29 03:34:00,Battery - fight in progress,W CENTRAL BLVD / N ORANGE AVE,D3,OPD
2025-00356384,2025-09-29 03:30:00,Commercial B&E,1900 BLOCK BRUTON BLVD,G5,OPD
2025-00356406,2025-09-29 04:29:00,Suspicious incident,W MICHIGAN ST / I-4 ON RAMP E,F6,OPD
2025-00356410,2025-09-29 04:25:00,Suspicious person,5400 BLOCK FORBES PL,K4,OPD
2025-00356407,2025-09-29 04:21:00,Suspicious person,600 BLOCK W COLONIAL DR,F4,OPD
2025-00356405,2025-09-29 04:14:00,Unknown trouble,800 BLOCK S IVEY LN,G6,OPD
2025-00356397,2025-09-29 04:07:00,Suspicious incident,600 BLOCK E ROLLINS ST,C4,OPD
2025-00356401,2025-09-29 04:06:00,Domestic disturbance,Restricted Address,E4,OPD
2025-00356418,2025-09-29 04:54:00,Trespasser,600 BLOCK W COLONIAL DR,F4,OPD
2025-00356412,2025-09-29 04:42:00,General disturbance,5700 BLOCK BEAU BARTON PL,I8,OPD
2025-00356417,2025-09-29 05:03:00,Vandalism/criminal mischief,300 BLOCK N MAGNOLIA AVE,D1,OPD
2025-00356419,2025-09-29 04:59:00,Drunk pedestrian,200 BLOCK S ORANGE AVE,D3,OPD
2025-00356436,2025-09-29 05:44:00,Suspicious person,1 BLOCK,F6,OPD
2025-00356468,2025-09-29 06:24:00,General disturbance,900 BLOCK RANDALL ST,F7,OPD
2025-00356470,2025-09-29 06:22:00,General disturbance,9400 BLOCK JEFF FUQUA BLVD,83,OPD
2025-00356465,2025-09-29 06:04:00,Designated Patrol Area - available,9300 BLOCK JEFF FUQUA BLVD N,83,OPD
2025-00356460,2025-09-29 06:02:00,Check the well being of,9400 BLOCK JEFF FUQUA BLVD,83,OPD
2025-00356494,2025-09-29 06:53:00,Designated Patrol Area - available,9300 BLOCK JEFF FUQUA BLVD N,83,OPD
2025-00356474,2025-09-29 06:52:00,Suspicious person,5700 BLOCK N ORANGE BLOSSOM TRL,B6,OPD
2025-00356476,2025-09-29 06:46:00,Trespasser,3500 BLOCK W COLONIAL DR,B2,OPD
2025-00356471,2025-09-29 06:40:00,Commercial alarm,10900 BLOCK NARCOOSSEE RD,K7,OPD
2025-00356480,2025-09-29 06:37:00,Trespasser,2800 BLOCK S ORANGE AVE,I4,OPD
2025-00356477,2025-09-29 06:33:00,General disturbance,5200 BLOCK COMMANDER DR,K3,OPD
2025-00356537,2025-09-29 07:23:00,House/business check,CHICHESTER ST / SHERWOOD RD,C4,OPD
2025-00356536,2025-09-29 07:22:00,House/business check,W ROBINSON ST / FAMU LAW LN,F4,OPD
2025-00356528,2025-09-29 07:16:00,Community Orientated Policing detail,W AMELIA ST / N WESTMORELAND DR,F3,OPD
2025-00356522,2025-09-29 07:12:00,Designated Patrol Area - available,9300 BLOCK JEFF FUQUA BLVD,86,OPD
2025-00356518,2025-09-29 07:09:00,General investigation,9400 BLOCK JEFF FUQUA BLVD,83,OPD
2025-00356504,2025-09-29 07:02:00,Suspicious person,600 BLOCK W COLONIAL DR,C3,OPD
2025-00356502,2025-09-29 07:00:00,House/business check,LEE RD / N ORANGE BLOSSOM TRL,B5,OPD
2025-00356501,2025-09-29 06:59:00,House/business check,3000 BLOCK CURRY FORD RD,I3,OPD
2025-00356497,2025-09-29 06:55:00,Unknown trouble,2800 BLOCK S ORANGE AVE,I4,OPD
2025-00356482,2025-09-29 06:53:00,Accident with road blockage,CONROY RD / MILLENIA BLVD,E6,OPD
2025-00356601,2025-09-29 08:03:00,Suspicious person,S PARRAMORE AVE / W SOUTH ST,F5,OPD
2025-00356581,2025-09-29 08:00:00,Suspicious person,S ORANGE AVE / SR 408 E,I3,OPD
2025-00356586,2025-09-29 07:58:00,Trespasser,4700 BLOCK RALEIGH ST,G6,OPD
2025-00356569,2025-09-29 07:45:00,General disturbance,500 BLOCK W CENTRAL BLVD,F5,OPD
2025-00356566,2025-09-29 07:41:00,Trespasser,500 BLOCK W PAR ST,C2,OPD
2025-00356565,2025-09-29 07:40:00,Vandalism/criminal mischief,2500 BLOCK E COLONIAL DR,C6,OPD
2025-00356545,2025-09-29 07:38:00,Suspicious person,N BUMBY AVE / E COLONIAL DR,C6,OPD
2025-00356558,2025-09-29 07:35:00,Check the well being of,LONG ST / S LAKELAND AVE,G4,OPD
2025-00356627,2025-09-29 08:43:00,Obscene/harassing phone calls,6300 BLOCK VINELAND RD,E7,OPD
2025-00356688,2025-09-29 08:43:00,911 hang up,2700 BLOCK S DIVISION AVE,I4,OPD
2025-00356675,2025-09-29 08:43:00,Hit and run (minor),W SOUTH ST / S COTTAGE HILL RD,G4,OPD
2025-00356686,2025-09-29 08:41:00,Unknown trouble,LESCOT LN / POPPY AVE,G7,OPD
2025-00356649,2025-09-29 08:25:00,Suspicious incident,100 BLOCK W CHURCH ST,D3,OPD
2025-00356642,2025-09-29 08:24:00,Disabled occupied vehicle,2400 BLOCK E GORE ST,I3,OPD
2025-00356635,2025-09-29 08:24:00,General disturbance,5400 BLOCK S SEMORAN BLVD,K3,OPD
2025-00356729,2025-09-29 09:11:00,Disabled occupied vehicle,N MILLS AVE / VIRGINIA DR,C4,OPD
2025-00356723,2025-09-29 09:07:00,Man down,W COLONIAL DR / I-4 E,C3,OPD
2025-00356705,2025-09-29 09:03:00,Attempted suicide,Restricted Address,B7,OPD
2025-00356680,2025-09-29 09:01:00,Obscene/harassing phone calls,5100 BLOCK CINDERLANE PKWY,B6,OPD
2025-00356717,2025-09-29 09:01:00,Hit and run (minor),S HIAWASSEE RD / WESTPOINTE BLVD,E3,OPD
2025-00356702,2025-09-29 08:54:00,Drunk driver,4700 BLOCK S KIRKMAN RD,E7,OPD
2025-00356655,2025-09-29 08:53:00,Battery,800 BLOCK MAIN LN,I3,OPD
2025-00356738,2025-09-29 09:30:00,Battery,2200 BLOCK MERCY DR,B4,OPD
2025-00356742,2025-09-29 09:29:00,Suspicious person,T G LEE BLVD / S SEMORAN BLVD,K4,OPD
2025-00356739,2025-09-29 09:22:00,Suspicious person,900 BLOCK S MILLS AVE,I3,OPD
2025-00356725,2025-09-29 09:21:00,Suspicious person,I-4 W / S ORANGE BLOSSOM TRL,F6,OPD
2025-00356735,2025-09-29 09:19:00,Abandoned vehicle,200 BLOCK E ESTHER ST,I4,OPD
2025-00356690,2025-09-29 09:17:00,General disturbance,5100 BLOCK DEL VERDE WAY,E8,OPD
2025-00356699,2025-09-29 09:15:00,Accident (minor),NOT AVAILABLE,I2,OPD
2025-00356684,2025-09-29 09:11:00,Hit and run (minor),1700 BLOCK N MILLS AVE,C4,OPD
2025-00356752,2025-09-29 09:53:00,Suspicious person,S JOHN YOUNG PKWY / W CHURCH ST,G4,OPD
2025-00356745,2025-09-29 09:52:00,Accident (minor),LINCROFT AVE / LAKE BALDWIN LN,C7,OPD
2025-00356740,2025-09-29 09:43:00,Mentally-ill person (non-violent),100 BLOCK COLUMBIA ST,I3,OPD
2025-00356736,2025-09-29 09:41:00,Accident (injuries),1 BLOCK,E7,OPD
2025-00356772,2025-09-29 10:25:00,Trespasser,1800 BLOCK S ORANGE AVE,I4,OPD
2025-00356761,2025-09-29 10:21:00,Accident with road blockage,N WESTMORELAND DR / W ROBINSON ST,F3,OPD
2025-00356764,2025-09-29 10:20:00,Stolen/lost tag,500 BLOCK DELANEY AVE,I3,OPD
2025-00356768,2025-09-29 10:15:00,General disturbance,9300 BLOCK JEFF FUQUA BLVD,86,OPD
2025-00356767,2025-09-29 10:14:00,Unknown trouble,4000 BLOCK S SEMORAN BLVD,K1,OPD
2025-00356755,2025-09-29 10:10:00,Attempted suicide,Restricted Address,K4,OPD
2025-00356763,2025-09-29 10:10:00,Fugitive from justice,700 BLOCK S TEXAS AVE,G4,OPD
2025-00356753,2025-09-29 09:57:00,Threats/assault,1400 BLOCK MERCY DR,B3,OPD
2025-00356780,2025-09-29 10:47:00,Residential B&E,500 BLOCK W PRINCETON ST,C2,OPD
2025-00356775,2025-09-29 10:43:00,Battery - cutting,400 BLOCK SAN JUAN BLVD,I2,OPD
2025-00356777,2025-09-29 10:42:00,Unknown trouble,6400 BLOCK RALEIGH ST,G1,OPD
2025-00356809,2025-09-29 11:21:00,Reckless vehicle,1400 BLOCK MEETING PL,C7,OPD
2025-00356791,2025-09-29 11:18:00,Check the well being of,3900 BLOCK ROSEBORO ST,G5,OPD
2025-00356811,2025-09-29 11:17:00,Unknown trouble,2100 BLOCK W WASHINGTON ST,F1,OPD
2025-00356807,2025-09-29 11:12:00,Lost/found property,9400 BLOCK JEFF FUQUA BLVD,83,OPD
2025-00356781,2025-09-29 11:10:00,Accident (minor),E PRINCETON ST / N ORANGE AVE,C4,OPD
2025-00356803,2025-09-29 11:10:00,Battery,800 BLOCK S IVEY LN,G6,OPD
2025-00356802,2025-09-29 11:08:00,Trespasser,1200 BLOCK W COLONIAL DR,F1,OPD
2025-00356801,2025-09-29 11:05:00,General disturbance,800 BLOCK E ROBINSON ST,C5,OPD
2025-00356783,2025-09-29 11:00:00,Disabled occupied vehicle,1 BLOCK,F6,OPD
2025-00356844,2025-09-29 11:54:00,Accident (injuries),W COLONIAL DR / N WESTMORELAND DR,F3,OPD
2025-00356836,2025-09-29 11:53:00,Theft,2400 BLOCK S HIAWASSEE RD,E3,OPD
2025-00356848,2025-09-29 11:53:00,General investigation,9400 BLOCK LUMINARY BLVD,K7,OPD
2025-00356840,2025-09-29 11:52:00,Check the well being of,4400 BLOCK SHADOW CREST PL,E5,OPD
2025-00356847,2025-09-29 11:52:00,House/business check,4200 BLOCK N OBT,,OPD
2025-00356837,2025-09-29 11:52:00,Suspicious incident,600 BLOCK W AMELIA ST,F4,OPD
2025-00356839,2025-09-29 11:51:00,General disturbance,2100 BLOCK W COLONIAL DR,F1,OPD
2025-00356825,2025-09-29 11:50:00,911 hang up,1700 BLOCK ROBIN RD,C6,OPD
2025-00356832,2025-09-29 11:49:00,Fugitive from justice,5200 BLOCK N ORANGE BLOSSOM TRL,B6,OPD
2025-00356843,2025-09-29 11:49:00,Theft,4100 BLOCK COVINGTON ST,G5,OPD
2025-00356842,2025-09-29 11:46:00,Designated Patrol Area - available,CHICHESTER ST / N MILLS AVE,C4,OPD
2025-00356829,2025-09-29 11:45:00,Fraud-counterfeit,2300 BLOCK S ORANGE AVE,I4,OPD
2025-00356835,2025-09-29 11:42:00,Theft,1800 BLOCK S ORANGE AVE,I4,OPD
2025-00356819,2025-09-29 11:41:00,Obstruction on highway,4800 BLOCK LIGHTHOUSE RD,B7,OPD
2025-00356833,2025-09-29 11:37:00,Disabled occupied vehicle,LEEVISTA BLVD / S SEMORAN BLVD,K4,OPD
2025-00356808,2025-09-29 11:37:00,Trespasser,1100 BLOCK RIDGEWOOD ST,C5,OPD
2025-00356828,2025-09-29 11:34:00,Designated Patrol Area - available,CARGO RD / BEAR RD,85,OPD
2025-00356788,2025-09-29 11:31:00,Fraud-counterfeit,1200 BLOCK W SOUTH ST,F2,OPD
2025-00356820,2025-09-29 12:25:00,Battery,1200 BLOCK W SOUTH ST,F2,OPD
2025-00356881,2025-09-29 12:24:00,Unknown trouble,6400 BLOCK RALEIGH ST,G1,OPD
2025-00356880,2025-09-29 12:23:00,House/business check,E COLONIAL DR / N MAGNOLIA AVE,C4,OPD
2025-00356876,2025-09-29 12:21:00,House/business check,5900 BLOCK AMERICAN WAY,E8,OPD
2025-00356872,2025-09-29 12:17:00,Suspicious incident,9200 BLOCK LEEVISTA BLVD,K5,OPD
2025-00356870,2025-09-29 12:17:00,Unknown trouble,700 BLOCK W CONCORD ST,F3,OPD
2025-00356873,2025-09-29 12:17:00,Designated Patrol Area - available,10200 BLOCK JEFF FUQUA BLVD S,74,OPD
2025-00356857,2025-09-29 12:16:00,Battery,800 BLOCK MAIN LN,I3,OPD
2025-00356866,2025-09-29 12:13:00,Trespasser,1 BLOCK UNDERWOOD ST,I3,OPD
2025-00356865,2025-09-29 12:08:00,Trespasser,800 BLOCK W CENTRAL BLVD,F5,OPD
2025-00356846,2025-09-29 12:08:00,Accident (minor),SILVER STAR RD / REGENT AVE,C1,OPD
2025-00356859,2025-09-29 12:03:00,General investigation,9400 BLOCK JEFF FUQUA BLVD,83,OPD
2025-00356854,2025-09-29 11:58:00,Stolen vehicle,1800 BLOCK RILEY AVE,G5,OPD
2025-00356929,2025-09-29 12:55:00,General investigation,300 BLOCK W PRINCETON ST,C2,OPD
2025-00356928,2025-09-29 12:54:00,Man down,9300 BLOCK JEFF FUQUA BLVD,86,OPD
2025-00356908,2025-09-29 12:53:00,Child abuse,Restricted Address,I4,OPD
2025-00356911,2025-09-29 12:45:00,Fraud-counterfeit,8300 BLOCK NARCOOSSEE RD,K7,OPD
2025-00356907,2025-09-29 12:42:00,General investigation,2900 BLOCK S RIO GRANDE AVE,G8,OPD
2025-00356887,2025-09-29 12:38:00,Trespasser,500 BLOCK N JOHN YOUNG PKWY,B1,OPD
2025-00356855,2025-09-29 12:34:00,Accident (minor),S SEMORAN BLVD / T G LEE BLVD,K4,OPD
2025-00356851,2025-09-29 12:31:00,Accident (minor),3000 BLOCK SILVER STAR RD,B4,OPD
2025-00356879,2025-09-29 12:30:00,Disabled occupied vehicle,MILLENIA BLVD / CONROY RD,E6,OPD
2025-00356874,2025-09-29 12:27:00,Theft by shoplifting,3100 BLOCK W PRINCETON ST,B4,OPD
2025-00356878,2025-09-29 12:26:00,Community Orientated Policing detail,1200 BLOCK W SOUTH ST,F2,OPD
2025-00356941,2025-09-29 13:22:00,Hit and run (minor),600 BLOCK W AMELIA ST,F4,OPD
2025-00356968,2025-09-29 13:20:00,Suspicious person,GLENN LN / W CENTRAL BLVD,F5,OPD
2025-00356920,2025-09-29 13:19:00,Accident (minor),LEEVISTA BLVD / YOUNG PINE RD,,OPD
2025-00356953,2025-09-29 13:18:00,General disturbance,3400 BLOCK ECCLESTON ST,G4,OPD
2025-00356961,2025-09-29 13:16:00,Designated Patrol Area - available,9300 BLOCK JEFF FUQUA BLVD N,83,OPD
2025-00356960,2025-09-29 13:15:00,Designated Patrol Area - available,9300 BLOCK JEFF FUQUA BLVD,86,OPD
2025-00356923,2025-09-29 13:13:00,Residential alarm,13700 BLOCK WALCOTT AVE,K7,OPD
2025-00356955,2025-09-29 13:13:00,Suspicious person,W COLONIAL DR / N GOLDWYN AVE,C1,OPD
2025-00356949,2025-09-29 13:08:00,Accident (injuries),LEE RD / CRAWFORD AVE,B5,OPD
2025-00356948,2025-09-29 13:07:00,Suspicious person,N JOHN YOUNG PKWY / W AMELIA ST,B1,OPD
2025-00356945,2025-09-29 13:06:00,House/business check,S WESTMORELAND DR / 29TH ST,F6,OPD
2025-00356925,2025-09-29 13:01:00,Accident (minor),W COLONIAL DR / N ORANGE AVE,C3,OPD
2025-00356938,2025-09-29 12:59:00,Designated Patrol Area - available,9700 BLOCK JEFF FUQUA BLVD,95,OPD
2025-00357005,2025-09-29 14:02:00,Suspicious person,2700 BLOCK S ORANGE AVE,I4,OPD
2025-00356982,2025-09-29 14:02:00,Battery,6300 BLOCK YELLOWSTONE ST,I8,OPD
2025-00357002,2025-09-29 14:00:00,General investigation,2600 BLOCK ORANGE CENTER BLVD,G4,OPD
2025-00356999,2025-09-29 13:59:00,Accident (minor),EDGEWATER DR / W COLONIAL DR,F4,OPD
2025-00356996,2025-09-29 13:56:00,Unknown trouble,2400 BLOCK E GORE ST,I3,OPD
2025-00356993,2025-09-29 13:53:00,Fraud-counterfeit,5800 BLOCK TURKEY LAKE RD,E7,OPD
2025-00356991,2025-09-29 13:51:00,Suspicious person,N PARRAMORE AVE / OSSIE ST,F5,OPD
2025-00356988,2025-09-29 13:46:00,Designated Patrol Area - available,10200 BLOCK JEFF FUQUA BLVD S,74,OPD
2025-00356979,2025-09-29 13:38:00,Suspicious person,4100 BLOCK E COLONIAL DR,C7,OPD
2025-00356985,2025-09-29 13:37:00,Non-emergency assistance,5900 BLOCK AMERICAN WAY,E8,OPD
2025-00356980,2025-09-29 13:36:00,Trespasser,1700 BLOCK S ORANGE AVE,I4,OPD
2025-00356981,2025-09-29 13:34:00,Battery,1200 BLOCK GASTON FOSTER RD,I6,OPD
2025-00356977,2025-09-29 13:34:00,Accident (general disturbance),5100 BLOCK MILLENIA BLVD,E2,OPD
2025-00356962,2025-09-29 13:33:00,Check the well being of,9200 BLOCK NORTHLAKE PKWY,K7,OPD
2025-00356890,2025-09-29 13:32:00,Accident (minor),5500 BLOCK W OAK RIDGE RD,E8,OPD
2025-00356978,2025-09-29 13:31:00,Fraud-counterfeit,1200 BLOCK W SOUTH ST,F2,OPD
2025-00356942,2025-09-29 13:26:00,Accident with road blockage,EDGEWATER DR / EAGLE WAY,C2,OPD
2025-00356972,2025-09-29 13:24:00,Designated Patrol Area - available,9300 BLOCK JEFF FUQUA BLVD,86,OPD
2025-00357017,2025-09-29 14:30:00,Abandoned vehicle,N JOHN YOUNG PKWY / W COLONIAL DR,C1,OPD
2025-00357027,2025-09-29 14:27:00,Attempted suicide,Restricted Address,D3,OPD
2025-00357022,2025-09-29 14:24:00,Theft,700 BLOCK S ORANGE BLOSSOM TRL,F2,OPD
2025-00357023,2025-09-29 14:20:00,General investigation,800 BLOCK E ROBINSON ST,C5,OPD
2025-00357050,2025-09-29 14:55:00,Battery - fight in progress,6500 BLOCK TURKEY LAKE RD,E7,OPD
2025-00356998,2025-09-29 14:44:00,Unknown trouble,3900 BLOCK W D JUDGE DR,B3,OPD
2025-00356943,2025-09-29 14:43:00,Vandalism/criminal mischief,1400 BLOCK MERCY DR,B3,OPD
2025-00357021,2025-09-29 14:42:00,Obscene/harassing phone calls,1900 BLOCK VALENCIA RD,C5,OPD
2025-00357025,2025-09-29 14:42:00,Accident (minor),E KALEY ST / S FERN CREEK AVE,I5,OPD
2025-00357026,2025-09-29 14:41:00,Vandalism/criminal mischief,600 BLOCK W COLONIAL DR,C3,OPD
2025-00357029,2025-09-29 14:40:00,Unknown trouble,3000 BLOCK HARRISON AVE,C2,OPD
2025-00357037,2025-09-29 14:40:00,House/business check,5200 BLOCK MILLENIA BLVD,E2,OPD
2025-00357074,2025-09-29 15:23:00,Accident (minor),S KIRKMAN RD / OLD WINTER GARDEN RD,,OPD
2025-00357083,2025-09-29 15:22:00,Trespasser,2800 BLOCK S ORANGE AVE,I4,OPD
2025-00357090,2025-09-29 15:22:00,Unknown trouble,6400 BLOCK RALEIGH ST,G1,OPD
2025-00357060,2025-09-29 15:21:00,Hit and run (minor),5800 BLOCK INTERNATIONAL DR,E8,OPD
2025-00357084,2025-09-29 15:17:00,Designated Patrol Area - available,10300 BLOCK JEFF FUQUA BLVD S,73,OPD
2025-00357071,2025-09-29 15:14:00,Suspicious vehicle,5100 BLOCK CURRY FORD RD,I2,OPD
2025-00357078,2025-09-29 15:13:00,House/business check,S ROSALIND AVE / E ANDERSON ST,D4,OPD
2025-00357080,2025-09-29 15:13:00,Trespasser,S ROSALIND AVE / E ANDERSON ST,D4,OPD
2025-00357073,2025-09-29 15:10:00,House/business check,EDGEMOOR ST / N IVEY LN,B2,OPD
2025-00357061,2025-09-29 15:07:00,General disturbance,5900 BLOCK MAUSSER DR,K2,OPD
2025-00357065,2025-09-29 15:05:00,Fugitive from justice,1 BLOCK COBURN AVE,F1,OPD
2025-00357046,2025-09-29 15:04:00,Threats/assaults - armed,8900 BLOCK BRATTAIN ST,K7,OPD
2025-00357039,2025-09-29 15:02:00,Disabled occupied vehicle,N JOHN YOUNG PKWY / W D JUDGE DR,C1,OPD
2025-00357040,2025-09-29 14:59:00,Theft by shoplifting,4600 BLOCK MILLENIA PLAZA WAY,E4,OPD
2025-00357043,2025-09-29 14:58:00,Vehicle B&E,300 BLOCK N MAGNOLIA AVE,D2,OPD
2025-00357053,2025-09-29 14:56:00,Threats/assault,4700 BLOCK N PINE HILLS RD,B7,OPD
2025-00357113,2025-09-29 15:56:00,Accident (minor),6200 BLOCK WESTGATE DR,G1,OPD
2025-00357118,2025-09-29 15:55:00,Missing person - adult,9700 BLOCK JEFF FUQUA BLVD,95,OPD
2025-00357119,2025-09-29 15:54:00,Accident (minor),4100 BLOCK LILLIAN CT,K1,OPD
2025-00357107,2025-09-29 15:50:00,911 hang up,3100 BLOCK S ORANGE AVE,I4,OPD
2025-00357116,2025-09-29 15:49:00,Accident (minor),3900 BLOCK S SEMORAN BLVD,K3,OPD
2025-00357110,2025-09-29 15:48:00,House/business check,NORTH LN / N PINE HILLS RD,,OPD
2025-00357062,2025-09-29 15:42:00,Unknown trouble,1 BLOCK UNDERWOOD ST,I3,OPD
2025-00357105,2025-09-29 15:40:00,General disturbance,2300 BLOCK DEPAUW AVE,C2,OPD
2025-00357111,2025-09-29 15:38:00,Designated Patrol Area - available,10200 BLOCK JEFF FUQUA BLVD S,74,OPD
2025-00357106,2025-09-29 15:36:00,Solicitor,9400 BLOCK JEFF FUQUA BLVD,83,OPD
2025-00357086,2025-09-29 15:36:00,Battery,12800 BLOCK NARCOOSSEE RD,K7,OPD
2025-00357093,2025-09-29 15:35:00,Hit and run (minor),3600 BLOCK MAGUIRE BLVD,C6,OPD
2025-00357092,2025-09-29 15:34:00,Hit and run (minor),VINELAND RD / CYPRESS CREEK BLVD,E4,OPD
2025-00357087,2025-09-29 15:33:00,Trespasser,500 BLOCK S DOLLINS AVE,G4,OPD
2025-00357081,2025-09-29 15:32:00,Theft by shoplifting,5900 BLOCK S GOLDENROD RD,K4,OPD
2025-00357095,2025-09-29 15:30:00,General disturbance,5100 BLOCK LOBELIA DR,G6,OPD
2025-00357097,2025-09-29 15:27:00,General investigation,1200 BLOCK GASTON FOSTER RD,I6,OPD
2025-00357096,2025-09-29 15:27:00,Suspicious person,1 BLOCK,F6,OPD
2025-00357155,2025-09-29 16:21:00,Trespasser,4500 BLOCK S SEMORAN BLVD,K1,OPD
2025-00357148,2025-09-29 16:20:00,Threatening animal,S ROSALIND AVE / E PINE ST,D4,OPD
2025-00357146,2025-09-29 16:17:00,Check the well being of,1 BLOCK E ORLANDO ST,C2,OPD
2025-00357144,2025-09-29 16:12:00,Battery,2900 BLOCK UPPER PARK RD,C7,OPD
2025-00357145,2025-09-29 16:12:00,House/business check,400 BLOCK W LIVINGSTON ST,F4,OPD
2025-00357140,2025-09-29 16:11:00,Theft by shoplifting,100 BLOCK W GRANT ST,I4,OPD
2025-00357131,2025-09-29 16:05:00,General disturbance,2100 BLOCK CONWAY RD,I6,OPD
2025-00357127,2025-09-29 16:04:00,Trespasser,400 BLOCK N GARLAND AVE,D2,OPD
2025-00357120,2025-09-29 16:02:00,Vandalism/criminal mischief,700 BLOCK E COLONIAL DR,C5,OPD
2025-00357122,2025-09-29 16:02:00,Suspicious person,NOT AVAILABLE,F7,OPD
2025-00357129,2025-09-29 15:59:00,Unknown trouble,6400 BLOCK RALEIGH ST,G1,OPD
2025-00357164,2025-09-29 16:51:00,Vehicle B&E,4600 BLOCK CASON COVE DR,E4,OPD
2025-00357199,2025-09-29 16:51:00,Trespasser,5700 BLOCK LAKE UNDERHILL RD,I8,OPD
2025-00357170,2025-09-29 16:50:00,Hit and run (minor),600 BLOCK N ORANGE AVE,D1,OPD
2025-00357192,2025-09-29 16:44:00,House/business check,1 BLOCK S ORANGE BLOSSOM TRL,F1,OPD
2025-00357187,2025-09-29 16:42:00,General investigation,1800 BLOCK S KIRKMAN RD,E3,OPD
2025-00357188,2025-09-29 16:42:00,Suspicious person,7200 BLOCK UNIVERSAL BLVD,E8,OPD
2025-00357159,2025-09-29 16:42:00,Accident (minor),NOT AVAILABLE,K4,OPD
2025-00357179,2025-09-29 16:41:00,Accident (minor),W D JUDGE DR / N JOHN YOUNG PKWY,C1,OPD
2025-00357175,2025-09-29 16:37:00,Accident (injuries),11900 BLOCK STORY TIME DR,K7,OPD
2025-00357182,2025-09-29 16:36:00,Designated Patrol Area - available,9300 BLOCK JEFF FUQUA BLVD,86,OPD
2025-00357180,2025-09-29 16:36:00,House/business check,S GOLDWYN AVE / NORTH LAKE MANN DR,G4,OPD
2025-00357149,2025-09-29 16:31:00,Disabled occupied vehicle,1100 BLOCK E CONCORD ST,C5,OPD
2025-00357161,2025-09-29 16:30:00,911 hang up,4900 BLOCK L B MCLEOD RD,E4,OPD
2025-00357169,2025-09-29 16:29:00,General investigation,700 BLOCK S TAMPA AVE,G4,OPD
2025-00357166,2025-09-29 16:28:00,Designated Patrol Area - available,W GORE ST / S DIVISION AVE,I3,OPD
2025-00357167,2025-09-29 16:28:00,House/business check,1400 BLOCK MERCY DR,B3,OPD
2025-00357158,2025-09-29 16:26:00,Trespasser,7200 BLOCK UNIVERSAL BLVD,E8,OPD
2025-00357154,2025-09-29 16:24:00,Accident (minor),CARGO RD / CASA VERDE RD,85,OPD
2025-00357235,2025-09-29 17:24:00,Trespasser,I-4 E / E PRINCETON ST,C4,OPD
2025-00357216,2025-09-29 17:19:00,Accident with road blockage,S SEMORAN BLVD / CASA BLANCA LN,I8,OPD
2025-00357195,2025-09-29 17:17:00,Accident (injuries),S KIRKMAN RD / W SAND LAKE RD,E8,OPD
2025-00357223,2025-09-29 17:15:00,Man down,S SEMORAN BLVD / PERSHING AVE,K3,OPD
2025-00357214,2025-09-29 17:11:00,Theft by shoplifting,5200 BLOCK S JOHN YOUNG PKWY,E6,OPD
2025-00357212,2025-09-29 17:06:00,Theft,9400 BLOCK JEFF FUQUA BLVD,83,OPD
2025-00357208,2025-09-29 17:01:00,Non-emergency assistance,1800 BLOCK MERCY DR,B4,OPD
2025-00357278,2025-09-29 17:53:00,House/business check,1 BLOCK S ORANGE BLOSSOM TRL,F5,OPD
2025-00357276,2025-09-29 17:51:00,Disabled occupied vehicle,S KIRKMAN RD / MAJOR BLVD,E7,OPD
2025-00357222,2025-09-29 17:50:00,Hit and run (minor),6900 BLOCK S KIRKMAN RD,E8,OPD
2025-00357272,2025-09-29 17:48:00,Designated Patrol Area - available,10200 BLOCK JEFF FUQUA BLVD,97,OPD
2025-00357246,2025-09-29 17:48:00,Accident (minor),NOT AVAILABLE,K7,OPD
2025-00357252,2025-09-29 17:45:00,Trespasser,3700 BLOCK CURRY FORD RD,I5,OPD
2025-00357265,2025-09-29 17:44:00,House/business check,1 BLOCK S IVANHOE BLVD E,C3,OPD
2025-00357258,2025-09-29 17:36:00,Unknown trouble,4800 BLOCK SILVER STAR RD,B4,OPD
2025-00357240,2025-09-29 17:32:00,Domestic disturbance,Restricted Address,I8,OPD
2025-00357250,2025-09-29 17:30:00,Accident with road blockage,N JOHN YOUNG PKWY / SHADER RD,C1,OPD
2025-00357232,2025-09-29 17:29:00,Accident (injuries),1 BLOCK,E2,OPD
2025-00357288,2025-09-29 18:24:00,Unknown trouble,1800 BLOCK S SEMORAN BLVD,K2,OPD
2025-00357313,2025-09-29 18:23:00,Liquor law violation,N PARRAMORE AVE / W ROBINSON ST,F3,OPD
2025-00357302,2025-09-29 18:20:00,Noise ordinance violation,1800 BLOCK S SEMORAN BLVD,K2,OPD
2025-00357304,2025-09-29 18:17:00,General disturbance,9400 BLOCK JEFF FUQUA BLVD,83,OPD
2025-00357297,2025-09-29 18:09:00,Suspicious person,6700 BLOCK GRAND NATIONAL DR,E8,OPD
2025-00357260,2025-09-29 18:08:00,Attempted suicide,Restricted Address,E2,OPD
2025-00357296,2025-09-29 18:08:00,Obstruction on highway,ROYAL PALM CT / PLAZA CT,C6,OPD
2025-00357289,2025-09-29 18:06:00,Theft by shoplifting,2400 BLOCK E COLONIAL DR,C6,OPD
2025-00357286,2025-09-29 18:02:00,Drug violation,S NASHVILLE AVE / W PINE ST,F1,OPD
2025-00357271,2025-09-29 17:57:00,Child abuse,Restricted Address,G7,OPD
2025-00357263,2025-09-29 17:55:00,Battery,100 BLOCK N PARRAMORE AVE,F4,OPD
2025-00357334,2025-09-29 18:49:00,General disturbance,7100 BLOCK NORTH FRONTAGE RD,K4,OPD
2025-00357336,2025-09-29 18:44:00,Community Orientated Policing detail,1 BLOCK N TERRY AVE,F4,OPD
2025-00357322,2025-09-29 18:44:00,Signal out,E ANDERSON ST / S BUMBY AVE,I1,OPD
2025-00357335,2025-09-29 18:40:00,Vehicle B&E,3000 BLOCK WILLIE MAYS PKWY,G8,OPD
2025-00357326,2025-09-29 18:39:00,Vandalism/criminal mischief,800 BLOCK S IVEY LN,G6,OPD
2025-00357312,2025-09-29 18:37:00,Attempted suicide,Restricted Address,C2,OPD
2025-00357329,2025-09-29 18:36:00,House/business check,HANGAR BLVD / CARGO RD,97,OPD
2025-00357306,2025-09-29 18:32:00,Battery,4200 BLOCK ARCH ST,B3,OPD
2025-00357325,2025-09-29 18:30:00,House/business check,9300 BLOCK JEFF FUQUA BLVD N,83,OPD
2025-00357317,2025-09-29 18:27:00,Suspicious person,6900 BLOCK MUNICIPAL DR,E8,OPD
2025-00357316,2025-09-29 18:26:00,Lost/found property,9400 BLOCK JEFF FUQUA BLVD,83,OPD
2025-00357374,2025-09-29 19:18:00,Unknown trouble,700 BLOCK S ORANGE BLOSSOM TRL,F2,OPD
2025-00357351,2025-09-29 19:18:00,General disturbance,7300 BLOCK HAZELTINE NATIONAL DR,K4,OPD
2025-00357360,2025-09-29 19:17:00,Trespasser,400 BLOCK N GARLAND AVE,D2,OPD
2025-00357358,2025-09-29 19:13:00,Suspicious person,700 BLOCK HERNDON AVE,C7,OPD
2025-00357357,2025-09-29 19:11:00,Accident with road blockage,N ORANGE AVE / E CONCORD ST,D1,OPD
2025-00357340,2025-09-29 19:03:00,Hit and run (minor),10900 BLOCK MOSS PARK RD,K7,OPD
2025-00357352,2025-09-29 19:01:00,Suspicious person,S PARRAMORE AVE / W SOUTH ST,F5,OPD
2025-00357349,2025-09-29 19:00:00,Domestic disturbance,Restricted Address,F4,OPD
2025-00357338,2025-09-29 18:57:00,Accident with road blockage,E ROLLINS ST / SANITARIUM AVE,C4,OPD
2025-00357468,2025-09-29 20:27:00,Lost/found property,9400 BLOCK JEFF FUQUA BLVD,83,OPD
2025-00357467,2025-09-29 20:27:00,Unknown trouble,1200 BLOCK E COLONIAL DR,C5,OPD
2025-00357427,2025-09-29 20:23:00,Illegally parked cars,ALDEN RD / S LAKE FORMOSA DR,C4,OPD
2025-00357461,2025-09-29 20:22:00,Suspicious person,1400 BLOCK MERCY DR,B3,OPD
2025-00357447,2025-09-29 20:20:00,Domestic disturbance,Restricted Address,F7,OPD
2025-00357423,2025-09-29 20:14:00,Accident (minor),2700 BLOCK S DIVISION AVE,I4,OPD
2025-00357431,2025-09-29 20:11:00,Threats/assault,5500 BLOCK CONROY RD,E5,OPD
2025-00357444,2025-09-29 20:09:00,Illegally parked cars,9200 BLOCK JEFF FUQUA BLVD,82,OPD
2025-00357434,2025-09-29 20:08:00,Domestic disturbance,Restricted Address,B3,OPD
2025-00357412,2025-09-29 20:00:00,Missing person - adult,1600 BLOCK DELANEY AVE,I5,OPD
2025-00357432,2025-09-29 19:57:00,Recovered missing person,4300 BLOCK N PINE HILLS RD,B5,OPD
2025-00357425,2025-09-29 19:56:00,Fugitive from justice,FOXCROFT CT / WESTGROVE WAY,B7,OPD
2025-00357417,2025-09-29 19:56:00,Noise ordinance violation,6800 BLOCK LAKE CARLISLE BLVD,K5,OPD
2025-00357416,2025-09-29 19:52:00,Trespasser,6000 BLOCK UNIVERSAL BLVD,E7,OPD
2025-00357415,2025-09-29 19:51:00,Theft by shoplifting,1300 BLOCK W GORE ST,F2,OPD
2025-00357404,2025-09-29 19:48:00,General disturbance,5200 BLOCK CINDERLANE PKWY,B6,OPD
2025-00357393,2025-09-29 19:32:00,Drug violation,W JACKSON ST / S LEE AVE,F5,OPD
2025-00357359,2025-09-29 19:28:00,Theft by shoplifting,4600 BLOCK MILLENIA PLAZA WAY,E4,OPD
2025-00357361,2025-09-29 19:05:00,Fugitive from justice,N ORANGE BLOSSOM TRL / BUSBY AVE,,OPD
2025-00357533,2025-09-29 21:53:00,Attempted suicide,Restricted Address,K3,OPD
2025-00357529,2025-09-29 21:52:00,Mentally-ill person (non-violent),600 BLOCK LEXINGTON AVE,F4,OPD
2025-00357530,2025-09-29 21:51:00,Suspicious person,5700 BLOCK N ORANGE BLOSSOM TRL,B6,OPD
2025-00357532,2025-09-29 21:51:00,House/business check,5900 BLOCK LEEVISTA BLVD,K4,OPD
2025-00357519,2025-09-29 21:50:00,Drunk pedestrian,9100 BLOCK JEFF FUQUA BLVD,85,OPD
2025-00357528,2025-09-29 21:49:00,Drug violation,100 BLOCK W LIVINGSTON ST,D2,OPD
2025-00357527,2025-09-29 21:48:00,House/business check,5700 BLOCK N ORANGE BLOSSOM TRL,B6,OPD
2025-00357517,2025-09-29 21:46:00,Check the well being of,9300 BLOCK JEFF FUQUA BLVD,86,OPD
2025-00357524,2025-09-29 21:46:00,Drug violation,500 BLOCK W JACKSON ST,F5,OPD
2025-00357516,2025-09-29 21:40:00,Suspicious person,100 BLOCK W LIVINGSTON ST,D2,OPD
2025-00357513,2025-09-29 21:40:00,Domestic disturbance,Restricted Address,G1,OPD
2025-00357503,2025-09-29 21:26:00,Sick or injured person,Restricted Address,B4,OPD
2025-00357500,2025-09-29 21:15:00,Drug violation,500 BLOCK W JACKSON ST,F5,OPD
2025-00357499,2025-09-29 21:12:00,Disabled occupied vehicle,9500 BLOCK JEFF FUQUA BLVD,93,OPD
2025-00357495,2025-09-29 21:07:00,Lost/found property,10200 BLOCK JEFF FUQUA BLVD,97,OPD
2025-00357490,2025-09-29 21:07:00,Accident (injuries),1 BLOCK,C4,OPD
2025-00357448,2025-09-29 20:51:00,Stolen/lost tag,7200 BLOCK CORNER DR,K7,OPD
2025-00357480,2025-09-29 20:45:00,Battery - cutting,800 BLOCK S IVEY LN,G6,OPD
2025-00357472,2025-09-29 20:36:00,Battery - fight in progress,800 BLOCK S IVEY LN,G6,OPD
2025-00357471,2025-09-29 20:31:00,Theft,500 BLOCK N PRIMROSE DR,C6,OPD
2025-00357545,2025-09-29 21:59:00,General disturbance,S SEMORAN BLVD / TURNBULL DR,K3,OPD
2025-00357546,2025-09-29 21:59:00,Suspicious person,CLEAR LAKE WAY / W JACKSON ST,F5,OPD
2025-00357544,2025-09-29 21:58:00,House/business check,5200 BLOCK INTERNATIONAL DR,E8,OPD
2025-00357592,2025-09-29 22:53:00,Battery,700 BLOCK S ORANGE BLOSSOM TRL,F2,OPD
2025-00357588,2025-09-29 22:48:00,Battery - fight in progress,9100 BLOCK JEFF FUQUA BLVD,85,OPD
2025-00357589,2025-09-29 22:42:00,Suspicious person,300 BLOCK N MAGNOLIA AVE,D2,OPD
2025-00357587,2025-09-29 22:40:00,Fugitive from justice,800 BLOCK W CENTRAL BLVD,F5,OPD
2025-00357586,2025-09-29 22:39:00,Stolen vehicle,5100 BLOCK INTERNATIONAL DR,E8,OPD
2025-00357581,2025-09-29 22:36:00,Suspicious incident,7500 BLOCK AUGUSTA NATIONAL DR,K4,OPD
2025-00357575,2025-09-29 22:32:00,Unknown trouble,4300 BLOCK S KIRKMAN RD,E5,OPD
2025-00357570,2025-09-29 22:27:00,Suspicious person,5200 BLOCK N ORANGE BLOSSOM TRL,B6,OPD
2025-00357571,2025-09-29 22:24:00,Designated Patrol Area - available,5500 BLOCK CARGO RD,85,OPD
2025-00357551,2025-09-29 22:04:00,Fugitive from justice,800 BLOCK W CENTRAL BLVD,F5,OPD
2025-00357548,2025-09-29 22:03:00,Drug violation,W CHURCH ST / S PARRAMORE AVE,F5,OPD
2025-00357618,2025-09-29 23:10:00,Liquor law violation,400 BLOCK N GARLAND AVE,D2,OPD
2025-00357610,2025-09-29 23:06:00,Liquor law violation,400 BLOCK N GARLAND AVE,D2,OPD
2025-00357607,2025-09-29 23:05:00,Battery,700 BLOCK S ORANGE BLOSSOM TRL,F2,OPD
2025-00357604,2025-09-29 23:03:00,House/business check,NORTH LN / N PINE HILLS RD,,OPD
2025-00357449,2025-09-29 23:01:00,General disturbance,3800 BLOCK THOMPSON ST,G5,OPD
2025-00357635,2025-09-29 23:31:00,Theft by shoplifting,4700 BLOCK S KIRKMAN RD,E7,OPD
2025-00357606,2025-09-29 23:20:00,Accident (minor),NOT AVAILABLE,96,OPD
2025-00357625,2025-09-29 23:18:00,Designated Patrol Area - available,10700 BLOCK JEFF FUQUA BLVD S,71,OPD
2025-00357622,2025-09-29 23:16:00,Suspicious person,4700 BLOCK HARWICH ST,B5,OPD
2025-00357619,2025-09-29 23:15:00,Suspicious person,5700 BLOCK SAINT CHARLES PRADO,K3,OPD
2025-00357660,2025-09-29 23:53:00,Domestic disturbance,Restricted Address,C6,OPD
2025-00357639,2025-09-29 23:52:00,General disturbance,2800 BLOCK L B MCLEOD RD,G8,OPD
2025-00357661,2025-09-29 23:50:00,Battery - fight in progress,5800 BLOCK SUNDOWN CIR,K3,OPD
2025-00357658,2025-09-29 23:49:00,Lost/found property,3800 BLOCK S SEMORAN BLVD,K1,OPD
2025-00357647,2025-09-29 23:37:00,House/business check,S PARRAMORE AVE / PIEDMONT ST,F6,OPD
2025-00357630,2025-09-29 23:34:00,Unknown trouble,5400 BLOCK MILLENIA LAKES BLVD,E2,OPD
2025-00357676,2025-09-30 00:17:00,House/business check,5200 BLOCK INTERNATIONAL DR,E8,OPD
2025-00357653,2025-09-30 00:12:00,Accident with road blockage,RIDGEWOOD ST / N FERN CREEK AVE,C5,OPD
2025-00357671,2025-09-30 00:08:00,General disturbance,600 BLOCK W COLONIAL DR,F4,OPD
2025-00357664,2025-09-29 23:59:00,Unknown trouble,5900 BLOCK AMERICAN WAY,E8,OPD
2025-00357669,2025-09-29 23:59:00,Recovered stolen vehicle,600 BLOCK E ROBINSON ST,D4,OPD
2025-00357694,2025-09-30 00:57:00,House/business check,1400 BLOCK MERCY DR,B3,OPD
2025-00357692,2025-09-30 00:53:00,Suspicious person,1800 BLOCK S SEMORAN BLVD,I7,OPD
2025-00357686,2025-09-30 00:48:00,Suspicious incident,1700 BLOCK S ORANGE AVE,I4,OPD
2025-00357637,2025-09-30 00:46:00,Threatening animal,GRAND NATIONAL DR / FUN SPOT WAY,E8,OPD
2025-00357614,2025-09-30 00:44:00,Theft,4900 BLOCK W COLONIAL DR,B2,OPD
2025-00357683,2025-09-30 00:42:00,Suspicious incident,5700 BLOCK SAINT CHARLES PRADO,K3,OPD
2025-00357673,2025-09-30 00:34:00,Missing person - adult,6500 BLOCK INTERNATIONAL DR,E8,OPD
2025-00357677,2025-09-30 00:32:00,911 hang up,5100 BLOCK S JOHN YOUNG PKWY,E6,OPD
2025-00357702,2025-09-30 01:26:00,Noise ordinance violation,800 BLOCK E LIVINGSTON ST,C5,OPD
2025-00357689,2025-09-30 01:17:00,Suspicious person,600 BLOCK N ORANGE AVE,D1,OPD
2025-00357697,2025-09-30 01:08:00,General disturbance,300 BLOCK E PRINCETON ST,C4,OPD
2025-00357698,2025-09-30 01:03:00,Suspicious person,1900 BLOCK LAKEMONT AVE,C7,OPD
2025-00357695,2025-09-30 00:57:00,Drunk driver,RIDGEWOOD ST / N FERN CREEK AVE,,OPD
2025-00357730,2025-09-30 01:57:00,Commercial alarm,5700 BLOCK CURRY FORD RD,K2,OPD
2025-00357722,2025-09-30 01:38:00,Suspicious person,500 BLOCK S ORANGE BLOSSOM TRL,F2,OPD
2025-00357721,2025-09-30 01:37:00,Suspicious person,W AMELIA ST / N TERRY AVE,F4,OPD
2025-00357769,2025-09-30 02:39:00,Trespasser,E WASHINGTON ST / N SUMMERLIN AVE,D4,OPD
2025-00357767,2025-09-30 02:37:00,House/business check,NOTTINGHAM ST / N MILLS AVE,C4,OPD
2025-00357764,2025-09-30 02:34:00,House/business check,5900 BLOCK BENT PINE DR,K4,OPD
2025-00357759,2025-09-30 02:30:00,House/business check,E COLONIAL DR / HERNDON AVE,C7,OPD
2025-00357760,2025-09-30 02:30:00,Suspicious person,E WASHINGTON ST / N SUMMERLIN AVE,D4,OPD
2025-00357746,2025-09-30 02:30:00,Commercial alarm,4000 BLOCK L B MCLEOD RD,G8,OPD
2025-00357758,2025-09-30 02:28:00,Suspicious person,E WASHINGTON ST / N SUMMERLIN AVE,D4,OPD
2025-00357748,2025-09-30 02:27:00,Non-emergency assistance,6900 BLOCK LONG NEEDLE CT,K3,OPD
2025-00357753,2025-09-30 02:23:00,Fugitive from justice,500 BLOCK S ORANGE BLOSSOM TRL,F2,OPD
2025-00357744,2025-09-30 02:09:00,House/business check,7500 BLOCK AUGUSTA NATIONAL DR,K4,OPD
2025-00357703,2025-09-30 01:05:00,Fugitive from justice,1 BLOCK,F6,OPD
2025-00357789,2025-09-30 02:59:00,Designated Patrol Area - available,FREDRICA DR / E GRANT ST,I7,OPD
2025-00357787,2025-09-30 02:58:00,House/business check,5500 BLOCK GATLIN AVE,K1,OPD
2025-00357786,2025-09-30 02:54:00,House/business check,3600 BLOCK SILVER STAR RD,B4,OPD
2025-00357785,2025-09-30 02:53:00,House/business check,LAKE NONA BLVD / MEDICAL CITY DR,K7,OPD
2025-00357781,2025-09-30 02:49:00,House/business check,7200 BLOCK NORTH FRONTAGE RD,K4,OPD
2025-00357780,2025-09-30 02:49:00,House/business check,UPPER HARDEN AVE / FINSEN ST,K7,OPD
2025-00357779,2025-09-30 02:48:00,House/business check,7900 BLOCK DOWDEN RD,K7,OPD
2025-00357773,2025-09-30 02:45:00,Threats/assault,5400 BLOCK TIMBERLEAF BLVD,G7,OPD
2025-00357776,2025-09-30 02:43:00,House/business check,BIRCH STONE LN / TIVOLI CHASE DR,K5,OPD
2025-00357770,2025-09-30 02:40:00,House/business check,5000 BLOCK COMMANDER DR,K3,OPD
2025-00357797,2025-09-30 03:13:00,Man down,LAKE UNDERHILL RD / CONWAY RD,I6,OPD
2025-00357795,2025-09-30 03:07:00,House/business check,SILVERTON ST / EDGEMOOR ST,B2,OPD
2025-00357794,2025-09-30 03:06:00,House/business check,LEEVISTA BLVD / TIVOLI GARDENS BLVD,K5,OPD
2025-00357793,2025-09-30 03:04:00,House/business check,SHADOWRIDGE DR / BUTLER NATIONAL DR,K4,OPD
2025-00357791,2025-09-30 03:00:00,House/business check,NARCOOSSEE RD / ACADEMY DR,K7,OPD
2025-00357790,2025-09-30 02:59:00,House/business check,5800 BLOCK SUNDOWN CIR,K3,OPD
2025-00357810,2025-09-30 03:56:00,Suspicious vehicle,6300 BLOCK S SEMORAN BLVD,K1,OPD
2025-00357807,2025-09-30 03:53:00,House/business check,KELLOGG AVE / CENTERLINE DR,K7,OPD
2025-00357804,2025-09-30 03:53:00,Check the well being of,1200 BLOCK W NEW HAMPSHIRE ST,C2,OPD
2025-00357802,2025-09-30 03:34:00,Stolen vehicle,1100 BLOCK S GOLDWYN AVE,G4,OPD
2025-00357801,2025-09-30 03:34:00,House/business check,5300 BLOCK LAKE MARGARET DR,K1,OPD
2025-00357820,2025-09-30 04:28:00,Signal out,LEE RD / N ORANGE BLOSSOM TRL,B5,OPD
2025-00357813,2025-09-30 04:17:00,House/business check,3000 BLOCK S SEMORAN BLVD,I7,OPD
2025-00357808,2025-09-30 04:15:00,Commercial alarm,1100 BLOCK S RIO GRANDE AVE,F2,OPD
2025-00357824,2025-09-30 04:53:00,Commercial alarm,3200 BLOCK E COLONIAL DR,C7,OPD
2025-00357823,2025-09-30 04:48:00,General disturbance,5800 BLOCK TURKEY LAKE RD,E7,OPD
2025-00357822,2025-09-30 04:41:00,Noise ordinance violation,4200 BLOCK MIDDLEBROOK RD,E5,OPD
2025-00357821,2025-09-30 04:37:00,Weapons/armed,9300 BLOCK JEFF FUQUA BLVD,83,OPD
2025-00357814,2025-09-30 04:36:00,Commercial alarm,4600 BLOCK MILLENIA PLAZA WAY,E4,OPD
2025-00357835,2025-09-30 05:22:00,Accident (injuries),N ORANGE BLOSSOM TRL / N JOHN YOUNG PKWY,B5,OPD
2025-00357834,2025-09-30 05:18:00,Suspicious person,1000 BLOCK PLYMOUTH AVE,F2,OPD
2025-00357830,2025-09-30 05:17:00,Commercial alarm,3100 BLOCK S KIRKMAN RD,E5,OPD
2025-00357829,2025-09-30 05:13:00,Noise ordinance violation,4200 BLOCK MIDDLEBROOK RD,E5,OPD
2025-00357855,2025-09-30 05:55:00,Sick or injured person,Restricted Address,F3,OPD
2025-00357853,2025-09-30 05:54:00,Commercial alarm,8500 BLOCK MCCOY RD,K4,OPD
2025-00357848,2025-09-30 05:48:00,Domestic disturbance,Restricted Address,K3,OPD
2025-00357847,2025-09-30 05:45:00,Accident (minor),S ORANGE AVE / E SOUTH ST,D3,OPD
2025-00357844,2025-09-30 05:38:00,Fugitive from justice,800 BLOCK W CENTRAL BLVD,F5,OPD
2025-00357870,2025-09-30 06:19:00,Suspicious person,200 BLOCK S BUMBY AVE,C6,OPD
2025-00357914,2025-09-30 06:55:00,Trespasser,3500 BLOCK MILLENIA BLVD,E6,OPD
2025-00357910,2025-09-30 06:52:00,Weapons/armed,9300 BLOCK JEFF FUQUA BLVD,86,OPD
2025-00357905,2025-09-30 06:50:00,House/business check,3700 BLOCK DIXIE BELLE DR,K1,OPD
2025-00357901,2025-09-30 06:46:00,Suspicious person,S DIVISION AVE / CARTER ST,F6,OPD
2025-00357896,2025-09-30 06:44:00,Accident with road blockage,LAUREATE BLVD / VETERANS WAY,K7,OPD
2025-00357898,2025-09-30 06:43:00,General investigation,9200 BLOCK JEFF FUQUA BLVD,86,OPD
2025-00357890,2025-09-30 06:41:00,Stolen vehicle,800 BLOCK MCCULLOUGH AVE,C7,OPD
2025-00357897,2025-09-30 06:40:00,Domestic disturbance,Restricted Address,D4,OPD
2025-00357886,2025-09-30 06:29:00,Unknown trouble,3300 BLOCK WILTS CIR N,G5,OPD
2025-00357940,2025-09-30 07:21:00,Illegally parked cars,MILLENIA LAKES BLVD / MILLENIA BLVD,E4,OPD
2025-00357931,2025-09-30 07:16:00,General disturbance,2100 BLOCK LAKE DEBRA DR,E3,OPD
2025-00357944,2025-09-30 07:15:00,Mentally-ill person (non-violent),200 BLOCK N IVANHOE BLVD E,C4,OPD
2025-00357938,2025-09-30 07:12:00,Accident (injuries),2700 BLOCK SILVER STAR RD,C1,OPD
2025-00357913,2025-09-30 07:11:00,Accident with road blockage,6600 BLOCK ADVENTURE WAY,E7,OPD
2025-00357932,2025-09-30 07:09:00,Accident (minor),600 BLOCK CONROY ST,F6,OPD
2025-00357937,2025-09-30 07:07:00,House/business check,1 BLOCK W MILLER ST,I3,OPD
2025-00357922,2025-09-30 06:59:00,House/business check,3300 BLOCK EDGEWATER DR,C2,OPD
2025-00358005,2025-09-30 08:02:00,Unknown trouble,500 BLOCK N PRIMROSE DR,C6,OPD
2025-00357989,2025-09-30 08:01:00,Suspicious person,N JOHN YOUNG PKWY / W COLONIAL DR,C1,OPD
2025-00358004,2025-09-30 08:01:00,General investigation,800 BLOCK S RIO GRANDE AVE,F2,OPD
2025-00357985,2025-09-30 08:01:00,Disabled occupied vehicle,1 BLOCK,E4,OPD
2025-00357998,2025-09-30 07:57:00,Fraud-counterfeit,1100 BLOCK S GOLDWYN AVE,G4,OPD
2025-00357995,2025-09-30 07:57:00,Residential B&E,4200 BLOCK LAKE LAWNE AVE,B3,OPD
2025-00357987,2025-09-30 07:56:00,Suspicious incident,1 BLOCK E MARKS ST,C3,OPD
2025-00357988,2025-09-30 07:50:00,Designated Patrol Area - available,9300 BLOCK JEFF FUQUA BLVD N,83,OPD
2025-00357986,2025-09-30 07:49:00,Suspicious person,W WASHINGTON ST / CHATHAM AVE,F4,OPD
2025-00357927,2025-09-30 07:31:00,Accident (minor),1900 BLOCK W PRINCETON ST,C1,OPD
2025-00357930,2025-09-30 07:29:00,Accident (minor),S JOHN YOUNG PKWY / GRAND CENTRAL PKWY,E6,OPD
2025-00357955,2025-09-30 07:26:00,Designated Patrol Area - available,9400 BLOCK JEFF FUQUA BLVD,83,OPD
2025-00358083,2025-09-30 08:47:00,Trespasser,1900 BLOCK S ORANGE AVE,I4,OPD
2025-00358052,2025-09-30 08:42:00,Hit and run (minor),6500 BLOCK INTERNATIONAL DR,E8,OPD
2025-00357961,2025-09-30 08:39:00,Stolen vehicle,4600 BLOCK MONTAUK ST,B5,OPD
2025-00357936,2025-09-30 08:35:00,Accident (minor),5900 BLOCK THAMES WAY,I8,OPD
2025-00358039,2025-09-30 08:19:00,Designated Patrol Area - available,CARGO RD / BEAR RD,85,OPD
2025-00358021,2025-09-30 08:09:00,Accident (injuries),C R SMITH ST / S COTTAGE HILL RD,G4,OPD
2025-00358117,2025-09-30 09:09:00,Stolen vehicle,1 BLOCK,C3,OPD
2025-00358070,2025-09-30 09:05:00,Hit and run (minor),3200 BLOCK PALMER ST,I6,OPD
2025-00358110,2025-09-30 09:02:00,Designated Patrol Area - available,9300 BLOCK JEFF FUQUA BLVD N,83,OPD
2025-00358092,2025-09-30 08:58:00,Residential B&E,1600 BLOCK E CENTRAL BLVD,C5,OPD
2025-00358098,2025-09-30 08:56:00,House/business check,NORTH LN / N PINE HILLS RD,,OPD
2025-00358097,2025-09-30 08:56:00,Vandalism/criminal mischief,8800 BLOCK BEAR RD,85,OPD
2025-00358130,2025-09-30 09:28:00,General disturbance,5900 BLOCK CURRY FORD RD,K2,OPD
2025-00358120,2025-09-30 09:27:00,Obstruction on highway,W COLONIAL DR / N JOHN YOUNG PKWY,C1,OPD
2025-00358111,2025-09-30 09:27:00,Hit and run (minor),6500 BLOCK ADVENTURE WAY,E7,OPD
2025-00358124,2025-09-30 09:27:00,Check the well being of,4800 BLOCK ADAIR OAK DR,K5,OPD
2025-00358129,2025-09-30 09:22:00,Person robbery,W JACKSON ST / S WESTMORELAND DR,F5,OPD
2025-00358122,2025-09-30 09:14:00,General investigation,8100 BLOCK LEEVISTA BLVD,K5,OPD
2025-00358115,2025-09-30 09:12:00,Unknown trouble,5500 BLOCK E GRANT ST,I7,OPD
2025-00358150,2025-09-30 09:56:00,911 hang up,5700 BLOCK MAJOR BLVD,E7,OPD
2025-00358165,2025-09-30 09:54:00,Suspicious incident,2900 BLOCK UPPER PARK RD,C7,OPD
2025-00358164,2025-09-30 09:53:00,Trespasser,7600 BLOCK LOWER GATEWAY LOOP,K7,OPD
2025-00358163,2025-09-30 09:53:00,General disturbance,1200 BLOCK MAURY RD,C2,OPD
2025-00358162,2025-09-30 09:53:00,Fugitive from justice,800 BLOCK W ANDERSON ST,F7,OPD
2025-00358153,2025-09-30 09:51:00,Trespasser,200 BLOCK S EOLA DR,D4,OPD
2025-00358141,2025-09-30 09:50:00,Residential alarm,9600 BLOCK PEACE DR,K7,OPD
2025-00358145,2025-09-30 09:44:00,Trespasser,4100 BLOCK CONROY RD,E6,OPD
2025-00358147,2025-09-30 09:42:00,Check the well being of,1400 BLOCK KUHL AVE,I3,OPD
2025-00358146,2025-09-30 09:42:00,Accident (injuries),N TAMPA AVE / W CENTRAL BLVD,F1,OPD
2025-00358200,2025-09-30 10:27:00,Theft,800 BLOCK E ROBINSON ST,C5,OPD
2025-00358198,2025-09-30 10:25:00,Designated Patrol Area - available,9300 BLOCK JEFF FUQUA BLVD,86,OPD
2025-00358190,2025-09-30 10:25:00,Accident (injuries),4500 BLOCK S KIRKMAN RD,E5,OPD
2025-00358197,2025-09-30 10:25:00,Non-emergency assistance,4700 BLOCK CASON COVE DR,E4,OPD
2025-00358194,2025-09-30 10:24:00,Commercial alarm,5500 BLOCK INTERNATIONAL DR,E8,OPD
2025-00358195,2025-09-30 10:22:00,General investigation,700 BLOCK W LIVINGSTON ST,F3,OPD
2025-00358188,2025-09-30 10:19:00,General disturbance,5300 BLOCK MILLENIA BLVD,E2,OPD
2025-00358182,2025-09-30 10:14:00,General disturbance,1700 BLOCK MERCY DR,B3,OPD
2025-00358191,2025-09-30 10:13:00,General investigation,1200 BLOCK W SOUTH ST,F2,OPD
2025-00358171,2025-09-30 10:13:00,Residential alarm,5000 BLOCK BOATHOUSE DR,I7,OPD
2025-00358186,2025-09-30 10:12:00,Fugitive from justice,800 BLOCK W CENTRAL BLVD,F5,OPD
2025-00358187,2025-09-30 10:10:00,General investigation,2200 BLOCK 29TH ST,G8,OPD
2025-00358183,2025-09-30 10:07:00,House/business check,HICKS AVE / W SOUTH ST,F5,OPD
2025-00358174,2025-09-30 10:06:00,Residential alarm,2100 BLOCK E SOUTH ST,C5,OPD
2025-00358160,2025-09-30 10:03:00,Suspicious incident,2200 BLOCK BEDFORD RD,C4,OPD
2025-00358167,2025-09-30 09:58:00,General disturbance,4300 BLOCK CROSSROADS CT,G8,OPD
2025-00358236,2025-09-30 10:52:00,Unknown trouble,6200 BLOCK PERSHING AVE,K3,OPD
2025-00358203,2025-09-30 10:50:00,Obscene/harassing phone calls,1000 BLOCK LEGION PL,C3,OPD
2025-00358226,2025-09-30 10:43:00,Illegally parked cars,4100 BLOCK BAILEY LN,C7,OPD
2025-00358220,2025-09-30 10:40:00,Designated Patrol Area - available,9400 BLOCK JEFF FUQUA BLVD,83,OPD
2025-00358217,2025-09-30 10:38:00,Designated Patrol Area - available,9300 BLOCK JEFF FUQUA BLVD,86,OPD
2025-00358212,2025-09-30 10:36:00,Designated Patrol Area - available,9400 BLOCK JEFF FUQUA BLVD N,91,OPD
2025-00358208,2025-09-30 10:33:00,General investigation,10300 BLOCK JEFF FUQUA BLVD S,73,OPD
2025-00358178,2025-09-30 10:31:00,Rape,Restricted Address,F2,OPD
2025-00358193,2025-09-30 10:30:00,Community Orientated Policing detail,1200 BLOCK W SOUTH ST,F2,OPD
2025-00358201,2025-09-30 10:28:00,Suspicious incident,10700 BLOCK NARCOOSSEE RD,,OPD
2025-00358260,2025-09-30 11:24:00,General disturbance,900 BLOCK W SOUTH ST,F7,OPD
2025-00358259,2025-09-30 11:20:00,Disabled occupied vehicle,METROWEST BLVD / WILSHIRE DR,E5,OPD
2025-00358258,2025-09-30 11:19:00,Abandoned vehicle,ADVENTURE WAY / I-4 OFF RAMP W,E8,OPD
2025-00358253,2025-09-30 11:12:00,General investigation,1200 BLOCK W SOUTH ST,F2,OPD
2025-00358232,2025-09-30 11:10:00,Fraud-counterfeit,6300 BLOCK WESTCOTT COVE BLVD,K5,OPD
2025-00358216,2025-09-30 11:05:00,Vandalism/criminal mischief,8800 BLOCK ALBURY DR,K7,OPD
2025-00358247,2025-09-30 11:04:00,Designated Patrol Area - available,9300 BLOCK JEFF FUQUA BLVD,86,OPD
2025-00358244,2025-09-30 11:02:00,General investigation,1100 BLOCK RINEHART RD,,OPD
2025-00358221,2025-09-30 11:00:00,General disturbance,4700 BLOCK CASON COVE DR,E4,OPD
2025-00358218,2025-09-30 10:59:00,Commercial alarm,13600 BLOCK SACHS AVE,K7,OPD
2025-00358209,2025-09-30 10:56:00,Unknown trouble,1600 BLOCK HARSTON AVE,C7,OPD
2025-00358237,2025-09-30 10:54:00,Non-emergency assistance,600 BLOCK S TEXAS AVE,G4,OPD
2025-00358234,2025-09-30 10:54:00,Theft by shoplifting,4700 BLOCK MILLENIA PLAZA WAY,E6,OPD
2025-00358291,2025-09-30 11:53:00,Reckless vehicle,E CHURCH ST / S ROSALIND AVE,D4,OPD
2025-00358273,2025-09-30 11:51:00,Law Enforcement Officer escort,8700 BLOCK CASA VERDE RD,85,OPD
2025-00358274,2025-09-30 11:46:00,Suspicious person,600 BLOCK W AMELIA ST,F4,OPD
2025-00358283,2025-09-30 11:45:00,Theft,500 BLOCK W CHURCH ST,F5,OPD
2025-00358282,2025-09-30 11:45:00,Recovered stolen vehicle,4700 BLOCK BEACH BOULEVARD,,OPD
2025-00358281,2025-09-30 11:44:00,Suspicious person,700 BLOCK W CHURCH ST,F5,OPD
2025-00358250,2025-09-30 11:37:00,General disturbance,7700 BLOCK UNIVERSAL BLVD,E8,OPD
2025-00358267,2025-09-30 11:30:00,Trespasser,1900 BLOCK S ORANGE AVE,I4,OPD
2025-00358246,2025-09-30 11:25:00,Commercial alarm,3900 BLOCK SILVER STAR RD,B4,OPD
2025-00358321,2025-09-30 12:31:00,Suspicious incident,5300 BLOCK MILLENIA BLVD,E2,OPD
2025-00358286,2025-09-30 12:30:00,Theft,800 BLOCK N ORANGE AVE,C3,OPD
2025-00358326,2025-09-30 12:28:00,Suspicious person,S LAKELAND AVE / LONG ST,G4,OPD
2025-00358325,2025-09-30 12:28:00,Battery,800 BLOCK S RIO GRANDE AVE,F2,OPD
2025-00358305,2025-09-30 12:25:00,Suspicious incident,5400 BLOCK FORBES PL,K4,OPD
2025-00358295,2025-09-30 12:22:00,Accident (minor),EASTGATE DR / CONROY RD,E6,OPD
2025-00358289,2025-09-30 12:20:00,Accident (injuries),1300 BLOCK S SEMORAN BLVD,I8,OPD
2025-00358319,2025-09-30 12:20:00,Designated Patrol Area - available,10300 BLOCK JEFF FUQUA BLVD S,73,OPD
2025-00358315,2025-09-30 12:17:00,Designated Patrol Area - available,9400 BLOCK JEFF FUQUA BLVD,83,OPD
2025-00358317,2025-09-30 12:17:00,General investigation,700 BLOCK W LIVINGSTON ST,F3,OPD
2025-00358293,2025-09-30 12:16:00,Unknown trouble,900 BLOCK S SEMORAN BLVD,I2,OPD
2025-00358306,2025-09-30 12:13:00,General investigation,1200 BLOCK W SOUTH ST,F2,OPD
2025-00358302,2025-09-30 12:09:00,House/business check,S LAKELAND AVE / LONG ST,G4,OPD
2025-00358275,2025-09-30 12:09:00,Mentally-ill person (non-violent),900 BLOCK LA SALLE AVE,C5,OPD
2025-00358299,2025-09-30 12:04:00,General investigation,1200 BLOCK W SOUTH ST,F2,OPD
2025-00358294,2025-09-30 12:04:00,Suspicious person,700 BLOCK N JOHN YOUNG PKWY,B1,OPD
2025-00358298,2025-09-30 12:03:00,Lost/found property,9400 BLOCK JEFF FUQUA BLVD,83,OPD
2025-00358366,2025-09-30 12:56:00,General investigation,2500 BLOCK W COLONIAL DR,B1,OPD
2025-00358349,2025-09-30 12:51:00,Suspicious person,4000 BLOCK S SEMORAN BLVD,K1,OPD
2025-00358343,2025-09-30 12:50:00,Check the well being of,3900 BLOCK W COLONIAL DR,B2,OPD
2025-00358348,2025-09-30 12:43:00,Designated Patrol Area - available,NOT AVAILABLE,85,OPD
2025-00358344,2025-09-30 12:41:00,Suspicious person,2100 BLOCK S ORANGE AVE,I4,OPD
2025-00358309,2025-09-30 12:38:00,Attempted suicide,Restricted Address,F4,OPD
2025-00358334,2025-09-30 12:38:00,Accident (injuries),E SOUTH ST / S BUMBY AVE,C5,OPD
2025-00358327,2025-09-30 12:33:00,Noise ordinance violation,1400 BLOCK MERCY DR,B3,OPD
2025-00358395,2025-09-30 13:27:00,Lost/found property,500 BLOCK N PRIMROSE DR,C6,OPD
2025-00358393,2025-09-30 13:22:00,Designated Patrol Area - available,9300 BLOCK JEFF FUQUA BLVD,86,OPD
2025-00358390,2025-09-30 13:18:00,Designated Patrol Area - available,10200 BLOCK JEFF FUQUA BLVD S,74,OPD
2025-00358388,2025-09-30 13:16:00,General investigation,1 BLOCK JUDITH LN,B2,OPD
2025-00358387,2025-09-30 13:14:00,Fugitive from justice,INTERNATIONAL DR / AMERICAN WAY,E8,OPD
2025-00358386,2025-09-30 13:13:00,Hit and run (minor),1 BLOCK,F4,OPD
2025-00358369,2025-09-30 13:12:00,Abandoned vehicle,10700 BLOCK NARCOOSSEE RD,K7,OPD
2025-00358381,2025-09-30 13:10:00,General investigation,6000 BLOCK ROBERTO CLEMENTE RD,I8,OPD
2025-00358352,2025-09-30 13:09:00,Vandalism/criminal mischief,400 BLOCK N TERRY AVE,F4,OPD
2025-00358379,2025-09-30 13:06:00,House/business check,W ILLIANA ST / S ORANGE AVE,I4,OPD
2025-00358367,2025-09-30 13:05:00,Disabled occupied vehicle,E COLONIAL DR / MAGUIRE BLVD,C6,OPD
2025-00358376,2025-09-30 13:03:00,Accident (minor),CONROY RD / I-4 E,E6,OPD
2025-00358372,2025-09-30 13:01:00,Suspicious person,INTERNATIONAL DR / AMERICAN WAY,E8,OPD
2025-00358371,2025-09-30 13:00:00,Fugitive from justice,5600 BLOCK MAJOR BLVD,E7,OPD
2025-00358364,2025-09-30 12:59:00,Suspicious incident,VINELAND RD / CONROY RD,E4,OPD
2025-00358359,2025-09-30 12:59:00,Domestic disturbance,Restricted Address,B2,OPD
2025-00358093,2025-09-30 08:54:00,Fugitive from justice,100 BLOCK W GRANT ST,I4,OPD
2025-00358422,2025-09-30 13:58:00,Suspicious incident,1 BLOCK N THORNTON AVE,C5,OPD
2025-00358418,2025-09-30 13:58:00,Accident (minor),200 BLOCK FAMU LAW LN,F4,OPD
2025-00358413,2025-09-30 13:54:00,Designated Patrol Area - available,12400 BLOCK DOWDEN RD,K7,OPD
2025-00358421,2025-09-30 13:49:00,General investigation,400 BLOCK N TAMPA AVE,F1,OPD
2025-00358382,2025-09-30 13:45:00,Accident with road blockage,W ANDERSON ST / I-4 OFF RAMP W,F7,OPD
2025-00358406,2025-09-30 13:43:00,General disturbance,2500 BLOCK S SEMORAN BLVD,I7,OPD
2025-00358404,2025-09-30 13:43:00,Abandoned vehicle,1 BLOCK,F6,OPD
2025-00358192,2025-09-30 10:14:00,Accident (minor),E WASHINGTON ST / N COURT AVE,D2,OPD
2025-00358462,2025-09-30 14:32:00,Missing person - adult,3100 BLOCK W PRINCETON ST,B4,OPD
2025-00358453,2025-09-30 14:25:00,Designated Patrol Area - available,10300 BLOCK JEFF FUQUA BLVD S,73,OPD
2025-00358451,2025-09-30 14:21:00,General investigation,8300 BLOCK ACADEMY DR,K7,OPD
2025-00358438,2025-09-30 14:20:00,Commercial alarm,3700 BLOCK MAGUIRE BLVD,C6,OPD
2025-00358449,2025-09-30 14:20:00,Solicitor,10700 BLOCK JEFF FUQUA BLVD S,71,OPD
2025-00358398,2025-09-30 14:19:00,Drug violation,5200 BLOCK INTERNATIONAL DR,E8,OPD
2025-00358445,2025-09-30 14:18:00,Illegally parked cars,800 BLOCK MAIN LN,I3,OPD
2025-00358442,2025-09-30 14:11:00,Theft by shoplifting,3100 BLOCK W PRINCETON ST,B4,OPD
2025-00358428,2025-09-30 14:10:00,Lost/found property,5900 BLOCK AMERICAN WAY,E8,OPD
2025-00358435,2025-09-30 14:04:00,Suspicious incident,5500 BLOCK ARNOLD PALMER DR,G9,OPD
2025-00358434,2025-09-30 14:04:00,Community Orientated Policing detail,1400 BLOCK MERCY DR,B3,OPD
2025-00358474,2025-09-30 14:52:00,Battery,4500 BLOCK LAWNE CT,B3,OPD
2025-00358455,2025-09-30 14:51:00,Accident (minor),9600 BLOCK AIR COMMERCE PKWY,K6,OPD
2025-00358448,2025-09-30 14:42:00,Vandalism/criminal mischief,6100 BLOCK WESTGATE DR,G1,OPD
2025-00358461,2025-09-30 14:38:00,Suspicious person,100 BLOCK W GRANT ST,I4,OPD
2025-00358513,2025-09-30 15:24:00,Suspicious person,N PARRAMORE AVE / W WASHINGTON ST,F5,OPD
2025-00358509,2025-09-30 15:21:00,Domestic disturbance,Restricted Address,B2,OPD
2025-00358494,2025-09-30 15:17:00,Suspicious incident,400 BLOCK N ORANGE AVE,D2,OPD
2025-00358488,2025-09-30 15:17:00,Vandalism/criminal mischief,5600 BLOCK WINDHOVER DR,E5,OPD
2025-00358472,2025-09-30 15:08:00,Hit and run (minor),OLD WINTER GARDEN RD / BRANSON DR,B2,OPD
2025-00358499,2025-09-30 15:08:00,Designated Patrol Area - available,9300 BLOCK JEFF FUQUA BLVD N,83,OPD
2025-00358484,2025-09-30 15:00:00,General disturbance,2900 BLOCK CURRY FORD RD,I5,OPD
2025-00358527,2025-09-30 15:48:00,Threats/assault,7300 BLOCK UNIVERSAL BLVD,E8,OPD
2025-00358531,2025-09-30 15:48:00,Suspicious person,600 BLOCK W AMELIA ST,F4,OPD
2025-00358521,2025-09-30 15:47:00,Trespasser,1900 BLOCK S ORANGE AVE,I4,OPD
2025-00358525,2025-09-30 15:44:00,Domestic disturbance,Restricted Address,F1,OPD
2025-00358524,2025-09-30 15:44:00,Liquor law violation,1300 BLOCK W COLONIAL DR,F1,OPD
2025-00358511,2025-09-30 15:36:00,Missing person - juvenile,600 BLOCK W AMELIA ST,F4,OPD
2025-00358519,2025-09-30 15:34:00,Designated Patrol Area,800 BLOCK DON QUIXOTE AVE,I8,OPD
2025-00358502,2025-09-30 15:33:00,Fraud-counterfeit,2300 BLOCK S ORANGE AVE,I4,OPD
2025-00358473,2025-09-30 15:26:00,Hit and run (minor),1 BLOCK W GRANT ST,I4,OPD
2025-00358580,2025-09-30 16:27:00,Domestic disturbance,Restricted Address,B2,OPD
2025-00358583,2025-09-30 16:26:00,Unknown trouble,800 BLOCK ERESKEN AVE,F6,OPD
2025-00358574,2025-09-30 16:24:00,Fugitive from justice,800 BLOCK W CENTRAL BLVD,F5,OPD
2025-00358582,2025-09-30 16:24:00,Designated Patrol Area - available,11400 BLOCK TERMINAL C SERVICE RD,96,OPD
2025-00358549,2025-09-30 16:23:00,Hit and run (minor),TURKEY LAKE RD / WOODGREEN DR,E7,OPD
2025-00358567,2025-09-30 16:23:00,Unknown trouble,4700 BLOCK CURRY FORD RD,I6,OPD
2025-00358575,2025-09-30 16:21:00,Child abuse,Restricted Address,G4,OPD
2025-00358563,2025-09-30 16:15:00,Accident with road blockage,DELANEY AVE / CHEROKEE DR,I3,OPD
2025-00358561,2025-09-30 16:13:00,Theft by shoplifting,1500 BLOCK N MILLS AVE,C4,OPD
2025-00358562,2025-09-30 16:11:00,Non-emergency assistance,1200 BLOCK S ORANGE AVE,I3,OPD
2025-00358552,2025-09-30 16:10:00,Suspicious person,300 BLOCK S ORANGE AVE,D3,OPD
2025-00358544,2025-09-30 16:06:00,Check the well being of,4400 BLOCK KING COLE BLVD,G5,OPD
2025-00358532,2025-09-30 16:05:00,General disturbance,1700 BLOCK WELHAM ST,C7,OPD
2025-00358536,2025-09-30 16:03:00,Obstruction on highway,NEW BROAD ST / TWINVIEW LN,C7,OPD
2025-00358539,2025-09-30 16:02:00,Trespasser,400 BLOCK N GARLAND AVE,D2,OPD
2025-00358520,2025-09-30 16:01:00,Lost/found property,300 BLOCK S GARLAND AVE,D3,OPD
2025-00358538,2025-09-30 16:00:00,Suspicious incident,1000 BLOCK S KIRKMAN RD,G7,OPD
2025-00358613,2025-09-30 16:53:00,Trespasser,3200 BLOCK W COLONIAL DR,C1,OPD
2025-00358608,2025-09-30 16:49:00,Theft,5900 BLOCK AMERICAN WAY,E8,OPD
2025-00358607,2025-09-30 16:45:00,Trespasser,700 BLOCK W GORE ST,F6,OPD
2025-00358605,2025-09-30 16:44:00,Designated Patrol Area - available,10700 BLOCK JEFF FUQUA BLVD S,71,OPD
2025-00358598,2025-09-30 16:39:00,Designated Patrol Area - available,NOT AVAILABLE,85,OPD
2025-00358587,2025-09-30 16:36:00,Theft by shoplifting,5900 BLOCK S GOLDENROD RD,K4,OPD
2025-00358541,2025-09-30 16:32:00,General disturbance,400 BLOCK N PRIMROSE DR,C6,OPD
2025-00358586,2025-09-30 16:30:00,Accident (minor),S KIRKMAN RD / MAJOR BLVD,E7,OPD
2025-00358592,2025-09-30 17:19:00,Attempted suicide,Restricted Address,G8,OPD
2025-00358632,2025-09-30 17:16:00,Lost/found property,1 BLOCK W WASHINGTON ST,D2,OPD
2025-00358624,2025-09-30 17:14:00,Unknown trouble,2400 BLOCK CONWAY RD,I7,OPD
2025-00358626,2025-09-30 17:09:00,House/business check,5300 BLOCK MILLENIA BLVD,E2,OPD
2025-00358619,2025-09-30 17:09:00,Accident (injuries),1 BLOCK,E2,OPD
2025-00358617,2025-09-30 17:01:00,Community Orientated Policing detail,500 BLOCK W LIVINGSTON ST,F4,OPD
2025-00358599,2025-09-30 16:56:00,Vehicle B&E,5400 BLOCK HERMOSA ST,I2,OPD
2025-00358656,2025-09-30 17:41:00,General disturbance - armed,3200 BLOCK E COLONIAL DR,C7,OPD
2025-00358651,2025-09-30 17:35:00,Threats/assault,600 BLOCK W AMELIA ST,F4,OPD
2025-00358620,2025-09-30 17:24:00,Suspicious incident,5200 BLOCK DOVE TREE ST,E4,OPD
2025-00358730,2025-09-30 18:25:00,Lost/found property,4600 BLOCK HARWICH ST,B5,OPD
2025-00358702,2025-09-30 18:23:00,Theft,11200 BLOCK DOWDEN RD,K7,OPD
2025-00358727,2025-09-30 18:23:00,Designated Patrol Area - available,9500 BLOCK JEFF FUQUA BLVD,93,OPD
2025-00358726,2025-09-30 18:22:00,Suspicious person,S WESTMORELAND DR / W CHURCH ST,F5,OPD
2025-00358725,2025-09-30 18:21:00,Battery,N WESTMORELAND DR / W AMELIA ST,F3,OPD
2025-00358724,2025-09-30 18:21:00,Residential B&E,4900 BLOCK VISTA LAGO DR,G6,OPD
2025-00358723,2025-09-30 18:20:00,Suspicious person,N GARLAND AVE / W LIVINGSTON ST,F4,OPD
2025-00358659,2025-09-30 18:18:00,Vehicle B&E,5700 BLOCK KISLIN PL,I8,OPD
2025-00358696,2025-09-30 18:14:00,Accident with road blockage,N ORANGE AVE / E PRINCETON ST,C4,OPD
2025-00358694,2025-09-30 18:09:00,Suspicious person,9300 BLOCK JEFF FUQUA BLVD,86,OPD
2025-00358678,2025-09-30 18:06:00,Fraud-counterfeit,4700 BLOCK WALDEN CIR,E4,OPD
2025-00358673,2025-09-30 18:00:00,Vandalism/criminal mischief,4900 BLOCK VISTA LAGO DR,G6,OPD
2025-00358681,2025-09-30 17:58:00,Threats/assaults - armed,5600 BLOCK VINELAND RD,E7,OPD
2025-00358677,2025-09-30 17:56:00,Battery,900 BLOCK W SOUTH ST,F7,OPD
2025-00358674,2025-09-30 17:48:00,Drug violation,LIGHTHOUSE RD / SIGNAL HILL RD,B7,OPD
2025-00358761,2025-09-30 18:55:00,Domestic disturbance,Restricted Address,F4,OPD
2025-00358758,2025-09-30 18:54:00,Fugitive from justice,800 BLOCK W CENTRAL BLVD,F5,OPD
2025-00358740,2025-09-30 18:53:00,Accident (injuries),S ROSALIND AVE / E ANDERSON ST,D4,OPD
2025-00358756,2025-09-30 18:52:00,Other sex crimes,Restricted Address,G1,OPD
2025-00358755,2025-09-30 18:51:00,House/business check,5700 BLOCK N ORANGE BLOSSOM TRL,B6,OPD
2025-00358737,2025-09-30 18:50:00,Unknown trouble,3000 BLOCK TRADEPORT DR,K6,OPD
2025-00358747,2025-09-30 18:45:00,Person robbery,W CENTRAL BLVD / N DOLLINS AVE,F1,OPD
2025-00358733,2025-09-30 18:42:00,Accident (injuries),L B MCLEOD RD / RIO VISTA AVE,G8,OPD
2025-00358722,2025-09-30 18:38:00,Check the well being of,200 BLOCK N IVANHOE BLVD E,C4,OPD
2025-00358716,2025-09-30 18:33:00,Accident (minor),N JOHN YOUNG PKWY / LEE RD,B5,OPD
2025-00358732,2025-09-30 18:30:00,Battery,1 BLOCK N TERRY AVE,F4,OPD
2025-00358711,2025-09-30 18:28:00,Accident (injuries),NOT AVAILABLE,C6,OPD
2025-00358710,2025-09-30 18:27:00,Domestic disturbance,Restricted Address,I7,OPD
2025-00358792,2025-09-30 19:19:00,Suspicious person,1900 BLOCK DELANEY AVE,I5,OPD
2025-00358787,2025-09-30 19:17:00,General disturbance,5800 BLOCK RALEIGH ST,G1,OPD
2025-00358783,2025-09-30 19:16:00,General disturbance,2400 BLOCK MUSSELWHITE AVE,C2,OPD
2025-00358782,2025-09-30 19:13:00,Domestic disturbance,Restricted Address,F5,OPD
2025-00358762,2025-09-30 19:04:00,Accident (minor),4600 BLOCK GARDENS PARK BLVD,E4,OPD
2025-00358757,2025-09-30 19:03:00,Mentally-ill person (violent),300 BLOCK E KALEY ST,I4,OPD
2025-00358764,2025-09-30 19:03:00,General disturbance,4400 BLOCK EMERSON PARK DR,E2,OPD
2025-00358753,2025-09-30 19:00:00,Fraud-counterfeit,4600 BLOCK MILLENIA PLAZA WAY,E4,OPD
2025-00358750,2025-09-30 18:58:00,Accident (minor),NOT AVAILABLE,E8,OPD
2025-00358871,2025-09-30 20:34:00,General disturbance,5800 BLOCK RALEIGH ST,G1,OPD
2025-00358868,2025-09-30 20:31:00,Trespasser,400 BLOCK N GARLAND AVE,D2,OPD
2025-00358863,2025-09-30 20:29:00,Suspicious vehicle,8800 BLOCK BEAR RD,85,OPD
2025-00358870,2025-09-30 20:28:00,Trespasser,W CHURCH ST / S TAMPA AVE,F1,OPD
2025-00358866,2025-09-30 20:28:00,Suspicious person,400 BLOCK N ORANGE AVE,D2,OPD
2025-00358867,2025-09-30 20:25:00,Suspicious person,S TAMPA AVE / JACOBS PL,F2,OPD
2025-00358862,2025-09-30 20:19:00,Accident (minor),NARCOOSSEE RD / LAKE NONA BLVD,,OPD
2025-00358856,2025-09-30 20:15:00,911 hang up,5500 BLOCK ARNOLD PALMER DR,G9,OPD
2025-00358836,2025-09-30 20:08:00,Mentally-ill person (non-violent),4400 BLOCK CURRY FORD RD,I7,OPD
2025-00358850,2025-09-30 20:07:00,Battery,1200 BLOCK W SOUTH ST,F2,OPD
2025-00358842,2025-09-30 20:05:00,Hit and run (injuries),COLUMBIA ST / BRUTON BLVD,G5,OPD
2025-00358841,2025-09-30 20:02:00,Non-emergency assistance,4400 BLOCK S KIRKMAN RD,E5,OPD
2025-00358846,2025-09-30 20:01:00,Accident (minor),4600 BLOCK L B MCLEOD RD,G8,OPD
2025-00358824,2025-09-30 19:57:00,General disturbance,10200 BLOCK JEFF FUQUA BLVD S,74,OPD
2025-00358790,2025-09-30 19:39:00,Theft by shoplifting,5200 BLOCK S JOHN YOUNG PKWY,E6,OPD
2025-00358806,2025-09-30 19:29:00,Trespasser,4500 BLOCK S SEMORAN BLVD,K1,OPD
2025-00358962,2025-09-30 22:05:00,Suspicious person,N ROSALIND AVE / E CENTRAL BLVD,D4,OPD
2025-00358958,2025-09-30 22:03:00,House/business check,INTERNATIONAL DR / GRAND NATIONAL DR,E8,OPD
2025-00358954,2025-09-30 22:00:00,Domestic disturbance,Restricted Address,G4,OPD
2025-00358949,2025-09-30 21:58:00,Accident (injuries),ORANGE CENTER BLVD / S JOHN YOUNG PKWY,G4,OPD
2025-00358952,2025-09-30 21:57:00,Suspicious person,N ROSALIND AVE / E CENTRAL BLVD,D4,OPD
2025-00358951,2025-09-30 21:56:00,Suspicious vehicle,800 BLOCK W JACKSON ST,F5,OPD
2025-00358945,2025-09-30 21:51:00,Noise ordinance violation,HILLCREST ST / N SUMMERLIN AVE,D1,OPD
2025-00358941,2025-09-30 21:45:00,House/business check,SHADOWRIDGE DR / BUTLER NATIONAL DR,K4,OPD
2025-00358939,2025-09-30 21:45:00,Vehicle B&E,1200 BLOCK S RIO GRANDE AVE,,OPD
2025-00358915,2025-09-30 21:39:00,Suspicious person,600 BLOCK E ROLLINS ST,C4,OPD
2025-00358927,2025-09-30 21:36:00,Suspicious person,600 BLOCK VASSAR ST,C2,OPD
2025-00358922,2025-09-30 21:30:00,House/business check,1200 BLOCK W COLONIAL DR,F1,OPD
2025-00358909,2025-09-30 21:23:00,Suspicious incident,5900 BLOCK LAKEHURST DR,E8,OPD
2025-00358906,2025-09-30 21:14:00,Fugitive from justice,1400 BLOCK MERCY DR,B3,OPD
2025-00358891,2025-09-30 21:00:00,House/business check,9300 BLOCK JEFF FUQUA BLVD N,83,OPD
2025-00358879,2025-09-30 20:43:00,Designated Patrol Area - available,11200 BLOCK HEINTZELMAN BLVD,97,OPD
2025-00358970,2025-09-30 22:15:00,Check the well being of,9300 BLOCK JEFF FUQUA BLVD,86,OPD
2025-00358953,2025-09-30 22:15:00,Residential alarm,10800 BLOCK SAVONA WAY,K7,OPD
2025-00358973,2025-09-30 22:15:00,House/business check,2600 BLOCK DARDANELLE DR,B4,OPD
2025-00358965,2025-09-30 22:11:00,Hold-up alarm,6600 BLOCK S SEMORAN BLVD,K4,OPD
2025-00358959,2025-09-30 22:09:00,House/business check,EDGEMOOR ST / N IVEY LN,B2,OPD
2025-00359046,2025-09-30 23:15:00,General disturbance,6400 BLOCK WESTGATE DR,G1,OPD
2025-00359013,2025-09-30 23:11:00,Disabled occupied vehicle,1 BLOCK,E7,OPD
2025-00359039,2025-09-30 23:02:00,General investigation,400 BLOCK N ORANGE AVE,D2,OPD
2025-00359033,2025-09-30 23:02:00,Battery,S PARRAMORE AVE / W GORE ST,F6,OPD
2025-00359036,2025-09-30 23:00:00,House/business check,W CHURCH ST / S NASHVILLE AVE,F1,OPD
2025-00359037,2025-09-30 23:00:00,House/business check,1200 BLOCK W COLONIAL DR,F1,OPD
2025-00359030,2025-09-30 22:56:00,Sick or injured person,Restricted Address,G6,OPD
2025-00359026,2025-09-30 22:51:00,Suspicious person,6000 BLOCK UNIVERSAL BLVD,E7,OPD
2025-00359016,2025-09-30 22:46:00,Suspicious person,E CENTRAL BLVD / N ORANGE AVE,D3,OPD
2025-00358983,2025-09-30 22:26:00,Accident (minor),N ORANGE BLOSSOM TRL / COUNTRY CLUB DR,C3,OPD
2025-00358987,2025-09-30 22:22:00,Liquor law violation,W CHURCH ST / S PARRAMORE AVE,F5,OPD
2025-00358986,2025-09-30 22:21:00,Suspicious person,N ROSALIND AVE / E CENTRAL BLVD,D4,OPD
2025-00358982,2025-09-30 22:19:00,House/business check,5500 BLOCK BEAR RD,85,OPD
2025-00359045,2025-09-30 23:20:00,Check the well being of,6200 BLOCK BENT PINE DR,K4,OPD
2025-00359056,2025-09-30 23:18:00,House/business check,CENTERLINE DR / KELLOGG AVE,K7,OPD
2025-00359079,2025-09-30 23:35:00,Accident (minor),W WASHINGTON ST / HALBE AVE,F1,OPD
2025-00359068,2025-09-30 23:35:00,Unknown trouble,3700 BLOCK KITTY HAWK AVE,B5,OPD
2025-00359059,2025-09-30 23:34:00,Check the well being of,5000 BLOCK SAVANNAH RIVER WAY,E6,OPD
2025-00359078,2025-09-30 23:34:00,House/business check,NOTTINGHAM ST / N MILLS AVE,C4,OPD
2025-00359088,2025-09-30 23:54:00,Suspicious person,2000 BLOCK W JACKSON ST,F1,OPD
2025-00359095,2025-09-30 23:51:00,House/business check,5900 BLOCK LEEVISTA BLVD,K4,OPD
2025-00359091,2025-09-30 23:49:00,House/business check,N ORANGE BLOSSOM TRL / LEE RD,B5,OPD
2025-00359090,2025-09-30 23:49:00,House/business check,SOUTH LAKE ORLANDO PKWY / MERCY DR,B5,OPD
2025-00359082,2025-09-30 23:46:00,Trespasser,6600 BLOCK ADVENTURE WAY,E7,OPD
2025-00359080,2025-09-30 23:43:00,Vehicle B&E,N ORANGE AVE / W AMELIA ST,D1,OPD
2025-00359111,2025-10-01 00:17:00,Domestic disturbance,Restricted Address,F6,OPD
2025-00359117,2025-10-01 00:17:00,Hit and run (minor),1 BLOCK,F6,OPD
2025-00359125,2025-10-01 00:16:00,House/business check,3500 BLOCK BARNSTABLE PL,K6,OPD
2025-00359115,2025-10-01 00:14:00,Accident (minor),1 BLOCK S ORANGE BLOSSOM TRL,F1,OPD
2025-00359122,2025-10-01 00:14:00,House/business check,4500 BLOCK LANDING DR,B7,OPD
2025-00359124,2025-10-01 00:14:00,General investigation,N ORANGE AVE / W AMELIA ST,D1,OPD
2025-00359116,2025-10-01 00:09:00,Suspicious person,N ORANGE AVE / E AMELIA ST,D1,OPD
2025-00359098,2025-10-01 00:04:00,Mentally-ill person (non-violent),3300 BLOCK PARKCHESTER SQUARE BLVD,E3,OPD
2025-00359108,2025-10-01 00:04:00,Fugitive from justice,GATLIN AVE / CONWAY RD,,OPD
2025-00359105,2025-10-01 00:01:00,General investigation,N ORANGE AVE / E CENTRAL BLVD,D3,OPD
2025-00359169,2025-10-01 00:57:00,House/business check,E GORE ST / BRADSHAW TER,I3,OPD
2025-00359170,2025-10-01 00:57:00,Suspicious person,N ORANGE BLOSSOM TRL / W AMELIA ST,F3,OPD
2025-00359164,2025-10-01 00:48:00,Drug violation,1 BLOCK N ORANGE AVE,D2,OPD
2025-00359156,2025-10-01 00:46:00,Check the well being of,W WASHINGTON ST / N NASHVILLE AVE,F1,OPD
2025-00359160,2025-10-01 00:45:00,House/business check,5700 BLOCK N ORANGE BLOSSOM TRL,B6,OPD
2025-00359158,2025-10-01 00:44:00,Drug violation,500 BLOCK S ORANGE BLOSSOM TRL,F2,OPD
2025-00359152,2025-10-01 00:39:00,Suspicious vehicle,4800 BLOCK ROSE BAY DR,B7,OPD
2025-00359131,2025-10-01 00:33:00,Suspicious vehicle,4700 BLOCK MILLENIA PLAZA WAY,E6,OPD
2025-00359135,2025-10-01 00:31:00,Residential B&E,6300 BLOCK VINELAND RD,E7,OPD
2025-00359128,2025-10-01 00:29:00,Suspicious person,5900 BLOCK CURRY FORD RD,K2,OPD
2025-00359188,2025-10-01 01:24:00,Missing person - adult,4600 BLOCK VINELAND RD,E4,OPD
2025-00359182,2025-10-01 01:17:00,House/business check,2500 BLOCK CONWAY RD,I7,OPD
2025-00359181,2025-10-01 01:16:00,House/business check,3800 BLOCK S SEMORAN BLVD,K1,OPD
2025-00359176,2025-10-01 01:04:00,Unknown trouble,1200 BLOCK W SOUTH ST,F2,OPD
2025-00359174,2025-10-01 01:01:00,Fugitive from justice,1 BLOCK N ORANGE AVE,D2,OPD
2025-00359009,2025-09-30 22:41:00,Drug violation,CONWAY RD / LANCASHIRE LN,I7,OPD
2025-00359218,2025-10-01 02:01:00,Drug violation,BRUTON BLVD / WELLS ST,G5,OPD
2025-00359212,2025-10-01 02:00:00,Residential alarm,500 BLOCK RICHMOND ST,I3,OPD
2025-00359213,2025-10-01 01:57:00,House/business check,6200 BLOCK CURRY FORD RD,K2,OPD
2025-00359204,2025-10-01 01:46:00,Trespasser,3100 BLOCK S ORANGE AVE,I4,OPD
2025-00359205,2025-10-01 01:44:00,Unknown trouble,W SOUTH ST / S WESTMORELAND DR,F5,OPD
2025-00359247,2025-10-01 02:32:00,House/business check,3200 BLOCK S SEMORAN BLVD,K3,OPD
2025-00359244,2025-10-01 02:28:00,House/business check,3000 BLOCK S SEMORAN BLVD,I7,OPD
2025-00359243,2025-10-01 02:27:00,Disabled occupied vehicle,S SEMORAN BLVD / HAZELTINE NATIONAL DR,K4,OPD
2025-00359240,2025-10-01 02:26:00,Suspicious vehicle,5900 BLOCK BENT PINE DR,K4,OPD
2025-00359238,2025-10-01 02:25:00,Battery,1200 BLOCK W COLONIAL DR,F1,OPD
2025-00359228,2025-10-01 02:14:00,Designated Patrol Area - available,ASHFORD BLVD / BRIDGEHAMPTON LN,I7,OPD
2025-00359226,2025-10-01 02:11:00,Fugitive from justice,BRUTON BLVD / WELLS ST,G5,OPD
2025-00359224,2025-10-01 02:09:00,General disturbance,4600 BLOCK CASON COVE DR,E4,OPD
2025-00359222,2025-10-01 02:06:00,House/business check,CENTERLINE DR / KELLOGG AVE,K7,OPD
2025-00359211,2025-10-01 01:52:00,Drunk driver,E ROBINSON ST / ROSEARDEN DR,C5,OPD
2025-00359255,2025-10-01 02:49:00,Battery - fight in progress,N COURT AVE / E CENTRAL BLVD,D2,OPD
2025-00359256,2025-10-01 02:49:00,House/business check,LUMINARY BLVD / PEARSON AVE,K7,OPD
2025-00359252,2025-10-01 02:40:00,House/business check,3100 BLOCK S ORANGE AVE,I4,OPD
2025-00359250,2025-10-01 02:40:00,Sick or injured person,Restricted Address,D3,OPD
2025-00359248,2025-10-01 02:34:00,Designated Patrol Area - available,5500 BLOCK CARGO RD,85,OPD
2025-00359237,2025-10-01 02:22:00,Drug violation,AARON AVE / CEPEDA ST,G5,OPD
2025-00359274,2025-10-01 03:23:00,House/business check,2700 BLOCK DELANEY AVE,I5,OPD
2025-00359272,2025-10-01 03:17:00,House/business check,N MILLS AVE / WILKINSON ST,C4,OPD
2025-00359270,2025-10-01 03:17:00,Accident (injuries),5200 BLOCK COMMANDER DR,K3,OPD
2025-00359266,2025-10-01 03:13:00,Commercial alarm,12000 BLOCK PIONEERS WAY,K7,OPD
2025-00359208,2025-10-01 03:09:00,General disturbance,3900 BLOCK VERSAILLES DR,B5,OPD
2025-00359201,2025-10-01 03:59:00,Accident (minor),S NASHVILLE AVE / W ANDERSON ST,F2,OPD
2025-00359293,2025-10-01 03:53:00,Suspicious incident,6100 BLOCK RALEIGH ST,G1,OPD
2025-00359289,2025-10-01 03:49:00,Designated Patrol Area - available,TAVISTOCK LAKES BLVD / WALCOTT AVE,K7,OPD
2025-00359281,2025-10-01 03:48:00,Vehicle B&E,1700 BLOCK ABBOTS HILL DR,E3,OPD
2025-00359286,2025-10-01 03:41:00,House/business check,12000 BLOCK PIONEERS WAY,K7,OPD
2025-00359285,2025-10-01 03:38:00,Suspicious incident,6500 BLOCK ADVENTURE WAY,E7,OPD
2025-00359282,2025-10-01 03:32:00,House/business check,FINSEN ST / UPPER HARDEN AVE,K7,OPD
2025-00359275,2025-10-01 03:26:00,Suspicious person,1 BLOCK W CHURCH ST,D3,OPD
2025-00359298,2025-10-01 04:30:00,House/business check,10500 BLOCK FOLLY BEACH RD,K7,OPD
2025-00359290,2025-10-01 04:07:00,Community Orientated Policing detail,3800 BLOCK S SEMORAN BLVD,K1,OPD
2025-00359351,2025-10-01 06:30:00,Attempted suicide,Restricted Address,I3,OPD
2025-00359347,2025-10-01 06:22:00,Vehicle B&E,6200 BLOCK CURRY FORD RD,K2,OPD
2025-00359330,2025-10-01 06:09:00,Accident (injuries),L B MCLEOD RD / VINELAND RD,G8,OPD
2025-00359364,2025-10-01 06:42:00,Designated Patrol Area - available,9300 BLOCK JEFF FUQUA BLVD,86,OPD
2025-00359413,2025-10-01 07:21:00,Suspicious vehicle,ARNOLD PALMER DR / S KIRKMAN RD,E5,OPD
2025-00359410,2025-10-01 07:18:00,Suspicious person,12900 BLOCK SUNSTONE AVE,K7,OPD
2025-00359405,2025-10-01 07:15:00,Accident (minor),1 BLOCK W MILLER ST,I4,OPD
2025-00359404,2025-10-01 07:10:00,House/business check,4400 BLOCK CURRY FORD RD,I7,OPD
2025-00359398,2025-10-01 07:05:00,Signal out,S SEMORAN BLVD / PERSHING AVE,K3,OPD
2025-00359394,2025-10-01 07:04:00,Designated Patrol Area - available,9600 BLOCK JEFF FUQUA BLVD,95,OPD
2025-00359391,2025-10-01 07:02:00,House/business check,1500 BLOCK E MICHIGAN ST,I5,OPD
2025-00359354,2025-10-01 07:00:00,Accident (minor),5400 BLOCK E MICHIGAN ST,I7,OPD
2025-00359384,2025-10-01 06:59:00,Vandalism/criminal mischief,6200 BLOCK CURRY FORD RD,K2,OPD
2025-00359486,2025-10-01 08:06:00,Suspicious person,10300 BLOCK JEFF FUQUA BLVD S,73,OPD
2025-00359462,2025-10-01 07:56:00,Suspicious person,S ORANGE AVE / SR 408 E,I3,OPD
2025-00359451,2025-10-01 07:51:00,Commercial alarm,6700 BLOCK EAGLE WATCH DR,K4,OPD
2025-00359458,2025-10-01 07:50:00,Lost/found property,9400 BLOCK JEFF FUQUA BLVD,83,OPD
2025-00359430,2025-10-01 07:49:00,Vehicle B&E,1700 BLOCK ABBOTS HILL DR,E3,OPD
2025-00359455,2025-10-01 07:48:00,Designated Patrol Area - available,9400 BLOCK JEFF FUQUA BLVD,83,OPD
2025-00359416,2025-10-01 07:42:00,Threats/assault,2700 BLOCK S ORANGE AVE,I4,OPD
2025-00359419,2025-10-01 07:35:00,Lost/found property,5600 BLOCK MAJOR BLVD,E7,OPD
2025-00359544,2025-10-01 08:51:00,Trespasser,500 BLOCK S ORANGE BLOSSOM TRL,F2,OPD
2025-00359537,2025-10-01 08:48:00,General disturbance,5600 BLOCK RALEIGH ST,G7,OPD
2025-00359528,2025-10-01 08:47:00,Accident with road blockage,OLD WINTER GARDEN RD / SR 408 OFF RAMP W,B2,OPD
2025-00359550,2025-10-01 08:47:00,Unknown trouble,PINEHURST AVE / E PAR ST,C4,OPD
2025-00359542,2025-10-01 08:47:00,Suspicious person,400 BLOCK PITTMAN ST,F4,OPD
2025-00359546,2025-10-01 08:45:00,Drug violation,500 BLOCK N JOHN YOUNG PKWY,B1,OPD
2025-00359511,2025-10-01 08:40:00,Theft,5800 BLOCK RALEIGH ST,G1,OPD
2025-00359519,2025-10-01 08:38:00,Vehicle B&E,6200 BLOCK CURRY FORD RD,K2,OPD
2025-00359491,2025-10-01 08:30:00,Accident with road blockage,BOGGY CREEK RD / RINGHAVER DR,K6,OPD
2025-00359516,2025-10-01 08:27:00,House/business check,NORTH LN / N PINE HILLS RD,,OPD
2025-00359513,2025-10-01 08:25:00,General investigation,1800 BLOCK LAKE VILMA DR,E3,OPD
2025-00359490,2025-10-01 08:25:00,Missing person - juvenile,1100 BLOCK POINSETTIA AVE,C2,OPD
2025-00359477,2025-10-01 08:20:00,Signal out,DIXIE BELLE DR / PERSHING AVE,K1,OPD
2025-00359504,2025-10-01 08:16:00,Suspicious person,LAKE DOT CIR / W COLONIAL DR,F4,OPD
2025-00359569,2025-10-01 09:03:00,Fugitive from justice,500 BLOCK N JOHN YOUNG PKWY,B1,OPD
2025-00359563,2025-10-01 09:00:00,Trespasser,3000 BLOCK E LIVINGSTON ST,C7,OPD
2025-00359559,2025-10-01 08:58:00,Trespasser,1100 BLOCK S GOLDWYN AVE,G4,OPD
2025-00359533,2025-10-01 08:57:00,General disturbance,200 BLOCK S LUCERNE CIR E,I3,OPD
2025-00359552,2025-10-01 08:57:00,House/business check,4500 BLOCK S SEMORAN BLVD,K1,OPD
2025-00359602,2025-10-01 09:32:00,House/business check,600 BLOCK W COLONIAL DR,F4,OPD
2025-00359547,2025-10-01 09:31:00,Fraud-counterfeit,4400 BLOCK MILLENIA PLAZA WAY,E4,OPD
2025-00359566,2025-10-01 09:30:00,Suspicious person,6400 BLOCK INTERNATIONAL DR,E8,OPD
2025-00359586,2025-10-01 09:30:00,Fugitive from justice,4800 BLOCK CYPRESS WOODS DR,E5,OPD
2025-00359577,2025-10-01 09:23:00,Accident (minor),100 BLOCK W LIVINGSTON ST,D2,OPD
2025-00359584,2025-10-01 09:23:00,Unknown trouble,1100 BLOCK MARSCASTLE AVE,I6,OPD
2025-00359580,2025-10-01 09:18:00,Commercial alarm,300 BLOCK W CONCORD ST,F4,OPD
2025-00359579,2025-10-01 09:17:00,Signal out,PERSHING AVE / DIXIE BELLE DR,K1,OPD
2025-00359568,2025-10-01 09:12:00,Person robbery,2400 BLOCK FLOWER CORAL DR,B4,OPD
2025-00359628,2025-10-01 09:59:00,Designated Patrol Area - available,9300 BLOCK JEFF FUQUA BLVD,86,OPD
2025-00359611,2025-10-01 09:58:00,General investigation,EARHART DR / TRADEPORT DR,96,OPD
2025-00359615,2025-10-01 09:58:00,Fugitive from justice,4600 BLOCK S KIRKMAN RD,E5,OPD
2025-00359627,2025-10-01 09:56:00,General investigation,9400 BLOCK JEFF FUQUA BLVD,83,OPD
2025-00359621,2025-10-01 09:56:00,Trespasser,100 BLOCK S ORANGE AVE,D3,OPD
2025-00359619,2025-10-01 09:55:00,Stopping vehicle,9200 BLOCK JEFF FUQUA BLVD,86,OPD
2025-00359620,2025-10-01 09:51:00,Unknown trouble,6400 BLOCK RALEIGH ST,G1,OPD
2025-00359595,2025-10-01 09:51:00,Residential B&E,6000 BLOCK CHENANGO LN,I8,OPD
2025-00359612,2025-10-01 09:47:00,Battery,300 BLOCK S ORANGE AVE,D3,OPD
2025-00359589,2025-10-01 09:45:00,Stolen vehicle,2100 BLOCK S HIAWASSEE RD,E3,OPD
2025-00359548,2025-10-01 09:43:00,Stolen/lost tag,5500 BLOCK METROWEST BLVD,G9,OPD
2025-00359587,2025-10-01 09:42:00,911 hang up,9800 BLOCK TRADEPORT DR N,96,OPD
2025-00359599,2025-10-01 09:42:00,Fugitive from justice,5700 BLOCK GATLIN AVE,K3,OPD
2025-00359647,2025-10-01 10:26:00,Threats/assault,4800 BLOCK CASON COVE DR,E4,OPD
2025-00359650,2025-10-01 10:23:00,Accident (minor),4700 BLOCK S KIRKMAN RD,E5,OPD
2025-00359649,2025-10-01 10:15:00,Suspicious person,E LIVINGSTON ST / N ORANGE AVE,D2,OPD
2025-00359643,2025-10-01 10:14:00,Accident with road blockage,S SEMORAN BLVD / E MICHIGAN ST,K3,OPD
2025-00359591,2025-10-01 10:06:00,Suspicious vehicle,FORMOSA AVE / E PRESTON ST,C4,OPD
2025-00359680,2025-10-01 10:54:00,House/business check,3800 BLOCK CURRY FORD RD,I5,OPD
2025-00359676,2025-10-01 10:53:00,Designated Patrol Area,5300 BLOCK MILLENIA BLVD,E2,OPD
2025-00359679,2025-10-01 10:53:00,Theft by shoplifting,6700 BLOCK GRAND NATIONAL DR,E8,OPD
2025-00359655,2025-10-01 10:52:00,Residential alarm,3300 BLOCK N ORANGE AVE,C4,OPD
2025-00359665,2025-10-01 10:48:00,Nuisance animal,600 BLOCK VENTURA AVE,F1,OPD
2025-00359660,2025-10-01 10:39:00,Check the well being of,500 BLOCK CONWAY RD,I6,OPD
2025-00359657,2025-10-01 10:36:00,Fraud-counterfeit,1200 BLOCK W SOUTH ST,F2,OPD
2025-00359664,2025-10-01 10:36:00,Recovered missing person,3100 BLOCK EDGEWATER DR,C2,OPD
2025-00359662,2025-10-01 10:33:00,Designated Patrol Area - available,3500 BLOCK WILTS CIR N,G5,OPD
2025-00359706,2025-10-01 11:26:00,Battery,1200 BLOCK W SOUTH ST,F2,OPD
2025-00359710,2025-10-01 11:20:00,Suspicious person,2800 BLOCK S ORANGE AVE,I4,OPD
2025-00359698,2025-10-01 11:16:00,Accident (minor),2700 BLOCK E COLONIAL DR,C6,OPD
2025-00359702,2025-10-01 11:12:00,House/business check,5900 BLOCK AMERICAN WAY,E8,OPD
2025-00359700,2025-10-01 11:10:00,Designated Patrol Area - available,9300 BLOCK JEFF FUQUA BLVD,86,OPD
2025-00359690,2025-10-01 11:03:00,Suspicious person,E COLONIAL DR / N PRIMROSE DR,C6,OPD
2025-00359674,2025-10-01 10:59:00,Trespasser,3300 BLOCK W COLONIAL DR,B1,OPD
2025-00359670,2025-10-01 10:56:00,Accident (injuries),LAKE NONA BLVD / VETERANS WAY,K7,OPD
2025-00359740,2025-10-01 11:54:00,General investigation,9400 BLOCK JEFF FUQUA BLVD,83,OPD
2025-00359739,2025-10-01 11:53:00,Suspicious person,HAMES AVE / W AMELIA ST,,OPD
2025-00359730,2025-10-01 11:52:00,Hold-up alarm,4500 BLOCK S SEMORAN BLVD,K1,OPD
2025-00359731,2025-10-01 11:43:00,General investigation,3700 BLOCK DIXIE BELLE DR,K1,OPD
2025-00359716,2025-10-01 11:42:00,Accident with road blockage,S SEMORAN BLVD / SR 408 W,I2,OPD
2025-00359714,2025-10-01 11:41:00,Fraud-counterfeit,1800 BLOCK W COLONIAL DR,C1,OPD
2025-00359699,2025-10-01 11:40:00,General disturbance,3000 BLOCK DIRECTORS ROW,E8,OPD
2025-00359728,2025-10-01 11:40:00,Designated Patrol Area - available,5100 BLOCK MILLENIA BLVD,E2,OPD
2025-00359726,2025-10-01 11:37:00,Abandoned vehicle,3800 BLOCK PELICAN LN,C6,OPD
2025-00359721,2025-10-01 11:37:00,Threats/assault,9200 BLOCK RANDAL PARK BLVD,K7,OPD
2025-00359695,2025-10-01 11:31:00,Suspicious incident,6500 BLOCK TURKEY LAKE RD,E7,OPD
2025-00359776,2025-10-01 12:31:00,Suspicious person,100 BLOCK E CENTRAL BLVD,D1,OPD
2025-00359774,2025-10-01 12:29:00,General investigation,9400 BLOCK LUMINARY BLVD,K7,OPD
2025-00359704,2025-10-01 12:22:00,Vandalism/criminal mischief,6600 BLOCK S SEMORAN BLVD,K4,OPD
2025-00359765,2025-10-01 12:21:00,Rape,Restricted Address,F2,OPD
2025-00359752,2025-10-01 12:21:00,Missing person - adult,7500 BLOCK WESTPOINTE BLVD,E3,OPD
2025-00359753,2025-10-01 12:19:00,Trespasser,4700 BLOCK WALDEN CIR,E4,OPD
2025-00359757,2025-10-01 12:13:00,Trespasser,1200 BLOCK W COLONIAL DR,F1,OPD
2025-00359741,2025-10-01 12:08:00,Trespasser,1800 BLOCK N JOHN YOUNG PKWY,C1,OPD
2025-00359750,2025-10-01 12:01:00,General investigation,9400 BLOCK BENFORD RD,96,OPD
2025-00359707,2025-10-01 12:01:00,Vehicle B&E,1900 BLOCK BLUETS CT,K6,OPD
2025-00359724,2025-10-01 11:58:00,Commercial B&E,100 BLOCK N ORANGE BLOSSOM TRL,F1,OPD
2025-00359743,2025-10-01 11:57:00,General investigation,2200 BLOCK 29TH ST,G8,OPD
2025-00359414,2025-10-01 07:21:00,Fugitive from justice,2400 BLOCK LAKE HELLEN OSTEEN,,OPD
2025-00359763,2025-10-01 12:53:00,Accident (minor),700 BLOCK MAIN LN,I3,OPD
2025-00359801,2025-10-01 12:48:00,General investigation,2400 BLOCK 29TH ST,G8,OPD
2025-00359795,2025-10-01 12:46:00,Trespasser,1300 BLOCK W GORE ST,F2,OPD
2025-00359780,2025-10-01 12:44:00,Drug violation,5100 BLOCK CURRY FORD RD,I2,OPD
2025-00359792,2025-10-01 12:41:00,Designated Patrol Area - available,9300 BLOCK JEFF FUQUA BLVD N,83,OPD
2025-00359782,2025-10-01 12:40:00,Suspicious person,2400 BLOCK E COLONIAL DR,C6,OPD
2025-00359770,2025-10-01 12:36:00,Fugitive from justice,7400 BLOCK T P C BLVD,K4,OPD
2025-00359756,2025-10-01 12:34:00,Illegally parked cars,1 BLOCK E SPRUCE ST,C2,OPD
2025-00359785,2025-10-01 13:22:00,Stolen/lost tag,5300 BLOCK MILLENIA BLVD,E2,OPD
2025-00359825,2025-10-01 13:18:00,Accident (minor),5400 BLOCK MILLENIA LAKES BLVD,E2,OPD
2025-00359807,2025-10-01 13:16:00,Recovered stolen vehicle,1800 BLOCK RILEY AVE,G5,OPD
2025-00359836,2025-10-01 13:14:00,General investigation,9400 BLOCK JEFF FUQUA BLVD,83,OPD
2025-00359809,2025-10-01 13:11:00,Vandalism/criminal mischief,1000 BLOCK S HIAWASSEE RD,G1,OPD
2025-00359815,2025-10-01 13:10:00,Accident (injuries),NOT AVAILABLE,F2,OPD
2025-00359789,2025-10-01 13:08:00,Disabled occupied vehicle,DELANEY AVE / SOUTHERN FRUIT LN,I5,OPD
2025-00359824,2025-10-01 13:07:00,Check the well being of,3200 BLOCK BRIDGEFORD DR,I7,OPD
2025-00359828,2025-10-01 13:06:00,Drug violation,CARTER ST / S TAMPA AVE,F2,OPD
2025-00359804,2025-10-01 13:02:00,Residential alarm,6000 BLOCK SCOTCHWOOD GLEN,K3,OPD
2025-00359787,2025-10-01 12:57:00,Fire,6300 BLOCK CORPORATE CENTRE BLVD,K4,OPD
2025-00359805,2025-10-01 12:56:00,Accident with road blockage,MAGUIRE BLVD / MCCULLOUGH AVE,C7,OPD
2025-00359778,2025-10-01 12:30:00,Fugitive from justice,"500 BLOCK CEDAR STREET, DAYTONA BEACH, 32114",,OPD
2025-00359873,2025-10-01 14:00:00,Unknown trouble,300 BLOCK S JOHN YOUNG PKWY,G4,OPD
2025-00359877,2025-10-01 13:56:00,General investigation,9400 BLOCK JEFF FUQUA BLVD,83,OPD
2025-00359861,2025-10-01 13:56:00,Attempted suicide,Restricted Address,K7,OPD
2025-00359865,2025-10-01 13:54:00,Battery,2300 BLOCK E ROBINSON ST,C5,OPD
2025-00359829,2025-10-01 13:52:00,Theft,3500 BLOCK S ORANGE AVE,I4,OPD
2025-00359856,2025-10-01 13:49:00,Check the well being of,5500 BLOCK ARNOLD PALMER DR,G9,OPD
2025-00359844,2025-10-01 13:43:00,Battery,600 BLOCK W AMELIA ST,F4,OPD
2025-00359837,2025-10-01 13:43:00,Accident with road blockage,1 BLOCK,C4,OPD
2025-00359858,2025-10-01 13:41:00,Suspicious incident,2900 BLOCK UPPER PARK RD,C7,OPD
2025-00359859,2025-10-01 13:41:00,Stolen vehicle,10500 BLOCK JEFF FUQUA BLVD N,97,OPD
2025-00359834,2025-10-01 13:35:00,Vandalism/criminal mischief,N ORANGE AVE / E NEW HAMPSHIRE ST,C4,OPD
2025-00359852,2025-10-01 13:33:00,Designated Patrol Area - available,1 BLOCK,97,OPD
2025-00359845,2025-10-01 13:27:00,Designated Patrol Area - available,9400 BLOCK JEFF FUQUA BLVD,83,OPD
